[{"synonyms":["vanish plate"],"value":"vanish plate"},{"synonyms":["judicious cart glass"],"value":"judicious cart glass"},{"synonyms":["scarecrow real swift digestion snotty oranges hover"],"value":"scarecrow real swift digestion snotty oranges hover"},{"synonyms":["cool pine separate observe harbor receptive hour stone"],"value":"cool pine separate observe harbor receptive hour stone"},{"synonyms":["heap screw knotty outrageous laborer tame broken zephyr"],"value":"heap screw knotty outrageous laborer tame broken zephyr"},{"synonyms":["flagrant abiding utter thundering"],"value":"flagrant abiding utter thundering"},{"synonyms":["cause precede daily mute grouchy direction"],"value":"cause precede daily mute grouchy direction"},{"synonyms":["warm brainy"],"value":"warm brainy"},{"synonyms":["rainstorm next laugh press hill cut"],"value":"rainstorm next laugh press hill cut"},{"synonyms":["zany sun mixed flavor note clean industrious believe"],"value":"zany sun mixed flavor note clean industrious believe"},{"synonyms":["direful rabid bottle"],"value":"direful rabid bottle"},{"synonyms":["shrug calculator explode quince"],"value":"shrug calculator explode quince"},{"synonyms":["arithmetic love receipt possessive envious"],"value":"arithmetic love receipt possessive envious"},{"synonyms":["woebegone support throat weight oil"],"value":"woebegone support throat weight oil"}]