[{"synonyms":["Humanoid Control Potion","Potion of Humanoid Control","Humanoid Control"],"value":"Humanoid Control Potion"},{"synonyms":["Staff"],"value":"Staff"},{"synonyms":["Dragon Control Potion","Potion of Dragon Control","Dragon Control"],"value":"Dragon Control Potion"},{"synonyms":["Demon Control Potion","Potion of Demon Control","Demon Control"],"value":"Demon Control Potion"},{"synonyms":["Clairvoyance Potion","Potion of Clairvoyance","Clairvoyance"],"value":"Clairvoyance Potion"},{"synonyms":["Hand Axe","Axe"],"value":"Hand Axe"},{"synonyms":["Sling"],"value":"Sling"},{"synonyms":["Game Room Deed"],"value":"Game Room Deed"},{"synonyms":["Ring Armor","Ring"],"value":"Ring Armor"},{"synonyms":["Divination Room Deed"],"value":"Divination Room Deed"},{"synonyms":["Entry Deed"],"value":"Entry Deed"},{"synonyms":["Long Sword","Sword"],"value":"Long Sword"},{"synonyms":["Trident"],"value":"Trident"},{"synonyms":["1 Way Door Permit"],"value":"1 Way Door Permit"},{"synonyms":["Medium Shield","Shield"],"value":"Medium Shield"},{"synonyms":["Small Shield"],"value":"Small Shield"},{"synonyms":["Storage Deed"],"value":"Storage Deed"},{"synonyms":["Study Deed"],"value":"Study Deed"},{"synonyms":["Arrow","Arrows"],"value":"Arrow"},{"synonyms":["Golem Control Potion","Potion of Golem Control","Golem Control"],"value":"Golem Control Potion"},{"synonyms":["Hill Giant Strength Potion","Potion of Hill Giant Strength","Hill Giant Strength"],"value":"Hill Giant Strength Potion"},{"synonyms":["Healing Potion","Potion of Healing","Healing"],"value":"Healing Potion"},{"synonyms":["Shrine Deed"],"value":"Shrine Deed"},{"synonyms":["Demi-Human Control Potion","Potion of Demi-Human Control","Demi-Human Control"],"value":"Demi-Human Control Potion"},{"synonyms":["Labratory Deed"],"value":"Labratory Deed"},{"synonyms":["Leather Armor","Leather"],"value":"Leather Armor"},{"synonyms":["Library Deed"],"value":"Library Deed"},{"synonyms":["Medium Level Door Permit"],"value":"Medium Level Door Permit"},{"synonyms":["Vault Deed"],"value":"Vault Deed"},{"synonyms":["Chantry Deed"],"value":"Chantry Deed"},{"synonyms":["Dagger"],"value":"Dagger"},{"synonyms":["Long Bow"],"value":"Long Bow"},{"synonyms":["Great Hall Deed"],"value":"Great Hall Deed"},{"synonyms":["Crypt Deed"],"value":"Crypt Deed"},{"synonyms":["Dressing Room Deed"],"value":"Dressing Room Deed"},{"synonyms":["Invisibility Potion","Potion of Invisibility","Invisibility"],"value":"Invisibility Potion"},{"synonyms":["Poison Resistance Potion","Potion of Poison Resistance","Poison Resistance"],"value":"Poison Resistance Potion"},{"synonyms":["Invulnerability Potion","Potion of Invulnerability","Invulnerability"],"value":"Invulnerability Potion"},{"synonyms":["Antechamber Deed"],"value":"Antechamber Deed"},{"synonyms":["Armory Deed"],"value":"Armory Deed"},{"synonyms":["Bath Deed"],"value":"Bath Deed"},{"synonyms":["Stable Deed"],"value":"Stable Deed"},{"synonyms":["Javelin"],"value":"Javelin"},{"synonyms":["Closet Deed"],"value":"Closet Deed"},{"synonyms":["Frost Resistance Potion","Potion of Frost Resistance","Frost Resistance"],"value":"Frost Resistance Potion"},{"synonyms":["Conjuring Room Deed"],"value":"Conjuring Room Deed"},{"synonyms":["Hallway Deed"],"value":"Hallway Deed"},{"synonyms":["Door Permit"],"value":"Door Permit"},{"synonyms":["Barracks Deed"],"value":"Barracks Deed"},{"synonyms":["Scimitar"],"value":"Scimitar"},{"synonyms":["Frost Giant Strength Potion","Potion of Frost Giant Strength","Frost Giant Strength"],"value":"Frost Giant Strength Potion"},{"synonyms":["Banded Armor","Banded Mail"],"value":"Banded Armor"},{"synonyms":["Lightning Resistance Potion","Potion of Lightning Resistance","Lightning Resistance"],"value":"Lightning Resistance Potion"},{"synonyms":["Pantry Deed"],"value":"Pantry Deed"},{"synonyms":["Observatory Deed"],"value":"Observatory Deed"},{"synonyms":["Aviary Deed"],"value":"Aviary Deed"},{"synonyms":["Extra Healing Potion","Potion of Extra Healing","Extra Healing"],"value":"Extra Healing Potion"},{"synonyms":["Broad Sword"],"value":"Broad Sword"},{"synonyms":["Kitchen Deed"],"value":"Kitchen Deed"},{"synonyms":["Heavy Pick"],"value":"Heavy Pick"},{"synonyms":["Dormitory Deed"],"value":"Dormitory Deed"},{"synonyms":["Two Handed Sword"],"value":"Two Handed Sword"},{"synonyms":["War Hammer","warhammer"],"value":"War Hammer"},{"synonyms":["Clairaudience Potion","Potion of Clairaudience","Clairaudience"],"value":"Clairaudience Potion"},{"synonyms":["Padded Armor","Padded"],"value":"Padded Armor"},{"synonyms":["Bedroom Deed"],"value":"Bedroom Deed"},{"synonyms":["Bastard Sword"],"value":"Bastard Sword"},{"synonyms":["Heavy Crossbow Bolt","Heavy Bolt"],"value":"Heavy Crossbow Bolt"},{"synonyms":["Corridor Deed"],"value":"Corridor Deed"},{"synonyms":["Heavy Crossbow"],"value":"Heavy Crossbow"},{"synonyms":["Spear"],"value":"Spear"},{"synonyms":["Office Deed"],"value":"Office Deed"},{"synonyms":["Smithy Deed"],"value":"Smithy Deed"},{"synonyms":["Refectory Deed"],"value":"Refectory Deed"},{"synonyms":["Battle Axe"],"value":"Battle Axe"},{"synonyms":["Prison Deed"],"value":"Prison Deed"},{"synonyms":["Cistern Deed"],"value":"Cistern Deed"},{"synonyms":["Hall Deed"],"value":"Hall Deed"},{"synonyms":["Mark Permit"],"value":"Mark Permit"},{"synonyms":["Giant Control Potion","Potion of Giant Control","Giant Control"],"value":"Giant Control Potion"},{"synonyms":["Audience Deed"],"value":"Audience Deed"},{"synonyms":["Toilet Deed"],"value":"Toilet Deed"},{"synonyms":["Robing Room Deed"],"value":"Robing Room Deed"},{"synonyms":["Low Level Door Permit"],"value":"Low Level Door Permit"},{"synonyms":["Chain Mail","Chainmail"],"value":"Chain Mail"},{"synonyms":["Heavy Mace"],"value":"Heavy Mace"},{"synonyms":["Acid Resistance Potion","Potion of Acid Resistance","Acid Resistance"],"value":"Acid Resistance Potion"},{"synonyms":["Well Deed"],"value":"Well Deed"},{"synonyms":["Heavy Flail"],"value":"Heavy Flail"},{"synonyms":["Short Bow","Bow"],"value":"Short Bow"},{"synonyms":["Light Crossbow","Crossbow"],"value":"Light Crossbow"},{"synonyms":["Lounge Deed"],"value":"Lounge Deed"},{"synonyms":["Composite Long Bow"],"value":"Composite Long Bow"},{"synonyms":["Meditation Deed"],"value":"Meditation Deed"},{"synonyms":["Gallery Deed"],"value":"Gallery Deed"},{"synonyms":["High Level Door Permit"],"value":"High Level Door Permit"},{"synonyms":["Lycanthrope Control Potion","Potion of Lycanthrope Control","Lycanthrope Control"],"value":"Lycanthrope Control Potion"},{"synonyms":["Light Crossbow Bolt","Light Bolt"],"value":"Light Crossbow Bolt"},{"synonyms":["Composite Short Bow"],"value":"Composite Short Bow"},{"synonyms":["Seraglio Deed"],"value":"Seraglio Deed"},{"synonyms":["Storm Giant Strength Potion","Potion of Storm Giant Strength","Storm Giant Strength"],"value":"Storm Giant Strength Potion"},{"synonyms":["Beastiary Deed"],"value":"Beastiary Deed"},{"synonyms":["Throne Room Deed"],"value":"Throne Room Deed"},{"synonyms":["Short Sword"],"value":"Short Sword"},{"synonyms":["Dart"],"value":"Dart"},{"synonyms":["Splint Mail"],"value":"Splint Mail"},{"synonyms":["Sylvan Control Potion","Potion of Sylvan Control","Sylvan Control"],"value":"Sylvan Control Potion"},{"synonyms":["Chapel Deed"],"value":"Chapel Deed"},{"synonyms":["Lance"],"value":"Lance"},{"synonyms":["Torture Chamber Deed"],"value":"Torture Chamber Deed"},{"synonyms":["Sitting Room Deed"],"value":"Sitting Room Deed"},{"synonyms":["Halberd"],"value":"Halberd"},{"synonyms":["Cell Deed"],"value":"Cell Deed"},{"synonyms":["Banquet Deed"],"value":"Banquet Deed"},{"synonyms":["Plate Armor","Plate Mail","Plate"],"value":"Plate Armor"},{"synonyms":["Sling Stone"],"value":"Sling Stone"},{"synonyms":["Stone Giant Strength Potion","Potion of Stone Giant Strength","Stone Giant Strength"],"value":"Stone Giant Strength Potion"},{"synonyms":["Light Mace","Mace"],"value":"Light Mace"},{"synonyms":["Undead Control Potion","Potion of Undead Control","Undead Control"],"value":"Undead Control Potion"},{"synonyms":["Temple Deed"],"value":"Temple Deed"},{"synonyms":["Devil Control Potion","Potion of Devil Control","Devil Control"],"value":"Devil Control Potion"},{"synonyms":["Fire Resistance Potion","Potion of Fire Resistance","Fire Resistance"],"value":"Fire Resistance Potion"},{"synonyms":["Sling bullet"],"value":"Sling bullet"},{"synonyms":["Classroom Deed"],"value":"Classroom Deed"},{"synonyms":["Large Shield"],"value":"Large Shield"},{"synonyms":["Studded Armor","Studded Leather"],"value":"Studded Armor"},{"synonyms":["Guard Room Deed"],"value":"Guard Room Deed"},{"synonyms":["Dinosaur Control Potion","Potion of Dinosaur Control","Dinosaur Control"],"value":"Dinosaur Control Potion"},{"synonyms":["Dining Room Deed"],"value":"Dining Room Deed"},{"synonyms":["Cloud Giant Strength Potion","Potion of Cloud Giant Strength","Cloud Giant Strength"],"value":"Cloud Giant Strength Potion"},{"synonyms":["Pole Arm"],"value":"Pole Arm"},{"synonyms":["Light Pick","Pick"],"value":"Light Pick"},{"synonyms":["Trophy Room Deed"],"value":"Trophy Room Deed"},{"synonyms":["Club"],"value":"Club"},{"synonyms":["Light Flail","Flail"],"value":"Light Flail"},{"synonyms":["Morning star"],"value":"Morning star"},{"synonyms":["Scale Mail","Scale"],"value":"Scale Mail"},{"synonyms":["Animal Control Potion","Potion of Animal Control","Animal Control"],"value":"Animal Control Potion"},{"synonyms":["Courtyard Deed"],"value":"Courtyard Deed"},{"synonyms":["Kennel Deed"],"value":"Kennel Deed"},{"synonyms":["Elfin Chain Mail"],"value":"Elfin Chain Mail"},{"synonyms":["Fire Giant Strength Potion","Potion of Fire Giant Strength","Fire Giant Strength"],"value":"Fire Giant Strength Potion"},{"synonyms":["Speed Potion","Potion of Speed","Speed"],"value":"Speed Potion"}]