{"entries":[{"synonyms":["ammunition"],"value":"ammunition"},{"synonyms":["magic"],"value":"magic"},{"synonyms":["shield"],"value":"shield"},{"synonyms":["weapon"],"value":"weapon"},{"synonyms":["hand held"],"value":"hand held"},{"synonyms":["potion"],"value":"potion"},{"synonyms":["armor"],"value":"armor"},{"synonyms":["hurled"],"value":"hurled"},{"synonyms":["permit"],"value":"permit"},{"synonyms":["deed"],"value":"deed"},{"synonyms":["launcher"],"value":"launcher"}],"name":"types","isOverridable":true,"isEnum":false,"automatedExpansion":false,"id":"b4f2cd23-a41b-4664-abce-3ef604d54fb5"}