[{"data":[{"userDefined":false,"text":"?"}],"isTemplate":false,"count":0,"id":"88621b9c-78e9-475a-8fac-2bb1c4b4088f","updated":0},{"data":[{"userDefined":false,"text":"? "},{"meta":"@anything","userDefined":true,"alias":"topic","text":"vanish plate"}],"isTemplate":false,"count":0,"id":"0bed1ee7-846b-4017-a049-cbc2b28af140","updated":0},{"data":[{"userDefined":false,"text":"h"}],"isTemplate":false,"count":0,"id":"dce8b96a-109a-4b97-9225-1a97b669cd50","updated":0},{"data":[{"userDefined":false,"text":"h "},{"meta":"@anything","userDefined":true,"alias":"topic","text":"vanish plate"}],"isTemplate":false,"count":0,"id":"dae6bf96-77d8-4549-9ffe-fe1fb2d93378","updated":0},{"data":[{"userDefined":false,"text":"help "},{"meta":"@anything","userDefined":true,"alias":"topic","text":"vanish plate"}],"isTemplate":false,"count":0,"id":"4bd95d9e-9157-4c62-a304-cf2700a6bdcf","updated":0},{"data":[{"userDefined":false,"text":"help"}],"isTemplate":false,"count":0,"id":"aa8373ae-bdfb-4083-8bdc-4060776ce904","updated":0},{"data":[{"userDefined":false,"text":"help me"}],"isTemplate":false,"count":0,"id":"b016c9ec-afc4-4607-80b6-1f98127e3532","updated":0},{"data":[{"userDefined":false,"text":"can you help me"}],"isTemplate":false,"count":0,"id":"77afe191-c577-4600-a743-5fcd9f03cfa3","updated":0}]