[{"data":[{"userDefined":false,"text":"?"}],"isTemplate":false,"count":0,"id":"ad09f020-f9d0-4aa6-a93a-7ad0267572d8","updated":0},{"data":[{"userDefined":false,"text":"? "},{"meta":"@anything","userDefined":true,"alias":"topic","text":"vanish plate"}],"isTemplate":false,"count":0,"id":"5723a4e6-0639-4ce1-a63d-697ba7c427f6","updated":0},{"data":[{"userDefined":false,"text":"h"}],"isTemplate":false,"count":0,"id":"fca7a975-5bb6-489d-a585-d0baab15a322","updated":0},{"data":[{"userDefined":false,"text":"h "},{"meta":"@anything","userDefined":true,"alias":"topic","text":"vanish plate"}],"isTemplate":false,"count":0,"id":"343b0998-9915-464b-8012-c9b332bf31ba","updated":0},{"data":[{"userDefined":false,"text":"help "},{"meta":"@anything","userDefined":true,"alias":"topic","text":"vanish plate"}],"isTemplate":false,"count":0,"id":"80a9a902-4980-470b-b793-8de3f91763d4","updated":0},{"data":[{"userDefined":false,"text":"help"}],"isTemplate":false,"count":0,"id":"60691409-8b78-4470-8075-36ce9f1dffbe","updated":0},{"data":[{"userDefined":false,"text":"help me"}],"isTemplate":false,"count":0,"id":"a2a721a3-986a-4f80-8fd4-b69e504b4880","updated":0},{"data":[{"userDefined":false,"text":"can you help me"}],"isTemplate":false,"count":0,"id":"d86a382c-9ab7-4a31-b2c6-26cd5e2b0d48","updated":0}]