[{"data":[{"userDefined":false,"text":"link "},{"meta":"@direction","userDefined":true,"alias":"dir","text":"n."},{"userDefined":false,"text":" to "},{"meta":"@anything","userDefined":true,"alias":"name","text":"vanish plate"}],"isTemplate":false,"count":0,"id":"3923bc3f-54ac-4437-b2b8-2bed49f02cb7","updated":0},{"data":[{"userDefined":false,"text":"connect "},{"meta":"@direction","userDefined":true,"alias":"dir","text":"n."},{"userDefined":false,"text":" to "},{"meta":"@anything","userDefined":true,"alias":"name","text":"vanish plate"}],"isTemplate":false,"count":0,"id":"cb5cb7b3-d92b-494d-ac61-e3846c16721b","updated":0}]