[{"data":[{"userDefined":false,"text":"link "},{"meta":"@direction","userDefined":true,"alias":"dir","text":"n."},{"userDefined":false,"text":" to "},{"meta":"@anything","userDefined":true,"alias":"name","text":"vanish plate"}],"isTemplate":false,"count":0,"id":"acdce4f5-3d41-4fcb-ad62-a1c19a55b947","updated":0},{"data":[{"userDefined":false,"text":"connect "},{"meta":"@direction","userDefined":true,"alias":"dir","text":"n."},{"userDefined":false,"text":" to "},{"meta":"@anything","userDefined":true,"alias":"name","text":"vanish plate"}],"isTemplate":false,"count":0,"id":"70f074b6-07e1-498d-b888-e43819e7f6f9","updated":0}]