[{"data":[{"userDefined":false,"text":"look"}],"isTemplate":false,"count":0,"id":"76b3bd3f-993c-4b1e-8010-ebe79c5a8213","updated":0},{"data":[{"userDefined":false,"text":"where am i"}],"isTemplate":false,"count":0,"id":"0136b929-9edc-4125-a386-35b05bb0aff7","updated":0},{"data":[{"userDefined":false,"text":"what is here"}],"isTemplate":false,"count":0,"id":"d09113a0-4cea-40c1-98e2-db70c517bc4a","updated":0},{"data":[{"userDefined":false,"text":"what's here"}],"isTemplate":false,"count":0,"id":"98dc513f-d5ab-4b5e-ae9f-ad9a0aeb7473","updated":0},{"data":[{"userDefined":false,"text":"what can i see"}],"isTemplate":false,"count":0,"id":"c0462a75-80fc-4aee-af4a-3c9f3852ea69","updated":0},{"data":[{"userDefined":false,"text":"what's around here"}],"isTemplate":false,"count":0,"id":"067e6f32-6b84-4b1a-ae49-dae478a3ef6e","updated":0},{"data":[{"userDefined":false,"text":"l."}],"isTemplate":false,"count":0,"id":"87c65635-f404-43d0-b9e3-b238f1f46d37","updated":0}]