[{"data":[{"userDefined":false,"text":"look"}],"isTemplate":false,"count":0,"id":"b3eb3c4e-c2db-4e16-8895-77bcb3f3a60d","updated":0},{"data":[{"userDefined":false,"text":"where am i"}],"isTemplate":false,"count":0,"id":"2bfa8310-6a28-4124-a52a-59606848524c","updated":0},{"data":[{"userDefined":false,"text":"what is here"}],"isTemplate":false,"count":0,"id":"1a46aeae-adfa-4795-8729-6120ea52007a","updated":0},{"data":[{"userDefined":false,"text":"what's here"}],"isTemplate":false,"count":0,"id":"f1dab002-5cce-4de8-8304-c54c85358458","updated":0},{"data":[{"userDefined":false,"text":"what can i see"}],"isTemplate":false,"count":0,"id":"6dfdb43d-7b48-4aed-96a6-54001f4bfd6d","updated":0},{"data":[{"userDefined":false,"text":"what's around here"}],"isTemplate":false,"count":0,"id":"980a807c-4873-4df3-a15b-7aed49731036","updated":0},{"data":[{"userDefined":false,"text":"l."}],"isTemplate":false,"count":0,"id":"bd44011b-972d-4e98-b9f2-5aea17fdf1c2","updated":0}]