[{"data":[{"userDefined":false,"text":"go "},{"meta":"@direction","userDefined":true,"alias":"dir","text":"n."}],"isTemplate":false,"count":0,"id":"c282f521-49a0-41c7-94b8-d8db173cc678","updated":0},{"data":[{"userDefined":false,"text":"move "},{"meta":"@direction","userDefined":true,"alias":"dir","text":"n."}],"isTemplate":false,"count":0,"id":"13604dc8-ebde-426a-b0fc-107751702470","updated":0},{"data":[{"userDefined":false,"text":"run "},{"meta":"@direction","userDefined":true,"alias":"dir","text":"n."}],"isTemplate":false,"count":0,"id":"45b94066-1847-4ed1-bef1-361d413d4924","updated":0},{"data":[{"userDefined":false,"text":"walk "},{"meta":"@direction","userDefined":true,"alias":"dir","text":"n."}],"isTemplate":false,"count":0,"id":"1420d7ed-f58a-4014-82ee-cf0968a2e2d1","updated":0},{"data":[{"userDefined":false,"text":"let's go "},{"meta":"@direction","userDefined":true,"alias":"dir","text":"n."}],"isTemplate":false,"count":0,"id":"2a2a6e33-0ffb-44c2-8975-1b4ec3491bf8","updated":0},{"data":[{"userDefined":false,"text":"how about "},{"meta":"@direction","userDefined":true,"alias":"dir","text":"n."}],"isTemplate":false,"count":0,"id":"d7a62268-4dd1-4512-8034-e1b248b9abc8","updated":0},{"data":[{"userDefined":false,"text":"i want to go "},{"meta":"@direction","userDefined":true,"alias":"dir","text":"n."}],"isTemplate":false,"count":0,"id":"95f8fd6c-0db7-4d0f-8eaf-b306c35c212b","updated":0},{"data":[{"userDefined":false,"text":"run away"}],"isTemplate":false,"count":0,"id":"f22cc7bb-cc1b-4a43-b5a3-918cb2d8edc5","updated":0}]