[{"data":[{"userDefined":false,"text":"go "},{"meta":"@direction","userDefined":true,"alias":"dir","text":"n."}],"isTemplate":false,"count":0,"id":"176c6354-858e-4355-88b7-8c6a4481a009","updated":0},{"data":[{"userDefined":false,"text":"move "},{"meta":"@direction","userDefined":true,"alias":"dir","text":"n."}],"isTemplate":false,"count":0,"id":"19460f00-41dc-4391-9709-8fd84e110dd8","updated":0},{"data":[{"userDefined":false,"text":"run "},{"meta":"@direction","userDefined":true,"alias":"dir","text":"n."}],"isTemplate":false,"count":0,"id":"fb4902d5-cae2-4d2d-90f2-98932d3a427e","updated":0},{"data":[{"userDefined":false,"text":"walk "},{"meta":"@direction","userDefined":true,"alias":"dir","text":"n."}],"isTemplate":false,"count":0,"id":"22c42786-29ae-4490-91ba-30bf4f59fbb2","updated":0},{"data":[{"userDefined":false,"text":"let's go "},{"meta":"@direction","userDefined":true,"alias":"dir","text":"n."}],"isTemplate":false,"count":0,"id":"642386f8-5583-45c3-a856-3271479db2ca","updated":0},{"data":[{"userDefined":false,"text":"how about "},{"meta":"@direction","userDefined":true,"alias":"dir","text":"n."}],"isTemplate":false,"count":0,"id":"32ace0c7-1639-4277-b42c-2cc7dbd83b8e","updated":0},{"data":[{"userDefined":false,"text":"i want to go "},{"meta":"@direction","userDefined":true,"alias":"dir","text":"n."}],"isTemplate":false,"count":0,"id":"f08ccd8a-c691-4557-bd6c-2291a94bd48a","updated":0},{"data":[{"userDefined":false,"text":"run away"}],"isTemplate":false,"count":0,"id":"dcc43e48-5132-4d66-bba5-ac96a34e48a2","updated":0}]