[{"data":[{"userDefined":false,"text":"new feature "},{"meta":"@anything","userDefined":true,"alias":"name","text":"vanish plate"}],"isTemplate":false,"count":0,"id":"1f38e4a6-f92e-4809-8b40-8b683c200f7c","updated":0},{"data":[{"userDefined":false,"text":"new "},{"meta":"@anything","userDefined":true,"alias":"name","text":"vanish plate"}],"isTemplate":false,"count":0,"id":"0c4826b7-05af-4dbc-9222-ed817a0717ec","updated":0},{"data":[{"userDefined":false,"text":"new"}],"isTemplate":false,"count":0,"id":"5c361cbb-11d2-45a9-b49c-07dcca98d4db","updated":0}]