[{"data":[{"userDefined":false,"text":"new feature "},{"meta":"@anything","userDefined":true,"alias":"name","text":"vanish plate"}],"isTemplate":false,"count":0,"id":"3096fcb0-fac9-4212-bfd8-b38062502c68","updated":0},{"data":[{"userDefined":false,"text":"new "},{"meta":"@anything","userDefined":true,"alias":"name","text":"vanish plate"}],"isTemplate":false,"count":0,"id":"d86d8725-e243-4ab0-8443-abfec28b678e","updated":0},{"data":[{"userDefined":false,"text":"new"}],"isTemplate":false,"count":0,"id":"e8ef6f69-61c5-4c3d-a597-517c0454a805","updated":0}]