[{"data":[{"userDefined":false,"text":"what did you say"}],"isTemplate":false,"count":0,"id":"5aaa429b-7e21-4a3c-b592-5cf66c2e38fd","updated":0},{"data":[{"userDefined":false,"text":"repeat"}],"isTemplate":false,"count":0,"id":"8a23144f-3e34-48ec-8a90-1a22bd871ad8","updated":0},{"data":[{"userDefined":false,"text":"say that again"}],"isTemplate":false,"count":0,"id":"3ab68549-b691-4a59-a324-8567926bb3db","updated":0},{"data":[{"userDefined":false,"text":"repeat that"}],"isTemplate":false,"count":0,"id":"c9628f58-506c-4c9d-aa8f-7932bab9a57b","updated":0}]