[{"data":[{"userDefined":false,"text":"what did you say"}],"isTemplate":false,"count":0,"id":"f74f824f-ff7c-438d-b0d9-7d1589a908ec","updated":0},{"data":[{"userDefined":false,"text":"repeat"}],"isTemplate":false,"count":0,"id":"898abfbe-0ef1-4ab1-9c97-7257c61148f9","updated":0},{"data":[{"userDefined":false,"text":"say that again"}],"isTemplate":false,"count":0,"id":"14a53060-1b05-4b5f-9620-509cd4b2b8e6","updated":0},{"data":[{"userDefined":false,"text":"repeat that"}],"isTemplate":false,"count":0,"id":"a69b27d3-bc25-4b8d-aca8-629411592c1e","updated":0}]