[{"data":[{"userDefined":false,"text":"set dimension to "},{"meta":"@dimension","userDefined":true,"alias":"dim","text":"premium"}],"isTemplate":false,"count":0,"id":"2436e6b5-cd20-4cd2-96dd-bce6592da908","updated":0},{"data":[{"userDefined":false,"text":"dimension "},{"meta":"@dimension","userDefined":true,"alias":"dim","text":"premium"}],"isTemplate":false,"count":0,"id":"67fa91a5-0613-4385-acaf-f4abe9a1c9f1","updated":0},{"data":[{"userDefined":false,"text":"dimension"}],"isTemplate":false,"count":0,"id":"bf0f909c-a497-4705-92ee-75fb6d038c7c","updated":0},{"data":[{"userDefined":false,"text":"dim"}],"isTemplate":false,"count":0,"id":"85062bbf-4335-41a2-96f1-cdd4b7fe4302","updated":0},{"data":[{"userDefined":false,"text":"d"}],"isTemplate":false,"count":0,"id":"e7c6949e-f5c2-482a-aadc-cb02cead7d8b","updated":0}]