[{"data":[{"userDefined":false,"text":"what is the description"}],"isTemplate":false,"count":0,"id":"2c9c80fc-4a46-4310-a4bc-575b9fd0c1a1","updated":0},{"data":[{"userDefined":false,"text":"set description to "},{"meta":"@anything","userDefined":true,"alias":"description","text":"vanish plate"}],"isTemplate":false,"count":0,"id":"0860afe3-a006-41c7-808a-7b11043678c4","updated":0},{"data":[{"userDefined":false,"text":"description "},{"meta":"@anything","userDefined":true,"alias":"description","text":"vanish plate"}],"isTemplate":false,"count":0,"id":"372ebbc1-293d-423c-abc9-af946e7ee86f","updated":0},{"data":[{"userDefined":false,"text":"desc "},{"meta":"@anything","userDefined":true,"alias":"description","text":"vanish plate"}],"isTemplate":false,"count":0,"id":"88f8d1a6-2ca0-4702-a1ee-38052dd5970b","updated":0},{"data":[{"userDefined":false,"text":"describe "},{"meta":"@anything","userDefined":true,"alias":"description","text":"vanish plate"}],"isTemplate":false,"count":0,"id":"900cd554-8e4e-4def-8db8-59d7675e8ad3","updated":0}]