[{"data":[{"userDefined":false,"text":"what is the description"}],"isTemplate":false,"count":0,"id":"b9deebf0-7978-413b-8978-5c5a9fb75b2b","updated":0},{"data":[{"userDefined":false,"text":"set description to "},{"meta":"@anything","userDefined":true,"alias":"description","text":"vanish plate"}],"isTemplate":false,"count":0,"id":"e48afe54-bbce-4cba-8d51-883d39f5a25f","updated":0},{"data":[{"userDefined":false,"text":"description "},{"meta":"@anything","userDefined":true,"alias":"description","text":"vanish plate"}],"isTemplate":false,"count":0,"id":"6d609454-690b-4de5-afe4-1197a095a7c9","updated":0},{"data":[{"userDefined":false,"text":"desc "},{"meta":"@anything","userDefined":true,"alias":"description","text":"vanish plate"}],"isTemplate":false,"count":0,"id":"e095d7c1-136e-443e-84bd-a8b18dd62bab","updated":0},{"data":[{"userDefined":false,"text":"describe "},{"meta":"@anything","userDefined":true,"alias":"description","text":"vanish plate"}],"isTemplate":false,"count":0,"id":"4ec825bc-c703-4f68-8cb9-c5673354ab91","updated":0}]