[{"data":[{"userDefined":false,"text":"set dimension to "},{"meta":"@dimension","userDefined":true,"alias":"dim","text":"premium"}],"isTemplate":false,"count":0,"id":"f640fb8d-4857-42cd-bfb7-12afecbb312f","updated":0},{"data":[{"userDefined":false,"text":"dimension "},{"meta":"@dimension","userDefined":true,"alias":"dim","text":"premium"}],"isTemplate":false,"count":0,"id":"eb5b4d21-5cd4-4c8d-a5db-02e3c93a2041","updated":0},{"data":[{"userDefined":false,"text":"dimension"}],"isTemplate":false,"count":0,"id":"4a5e7d0b-a9a6-466e-9b80-a7a16e3de405","updated":0},{"data":[{"userDefined":false,"text":"dim"}],"isTemplate":false,"count":0,"id":"e5659e9a-ca4a-497b-8099-a1989f5624d1","updated":0},{"data":[{"userDefined":false,"text":"d"}],"isTemplate":false,"count":0,"id":"8b849fa4-bb36-4d7c-99b5-c47f3126f2af","updated":0}]