[{"data":[{"userDefined":false,"text":"set feature name to "},{"meta":"@anything","userDefined":true,"alias":"name","text":"vanish plate"}],"isTemplate":false,"count":0,"id":"e280db14-5991-4e34-9116-17bf61066853","updated":0},{"data":[{"userDefined":false,"text":"what's the feature name"}],"isTemplate":false,"count":0,"id":"49d02100-def9-4c9f-8999-499ad52bb557","updated":0},{"data":[{"userDefined":false,"text":"what's this feature name"}],"isTemplate":false,"count":0,"id":"35ab7b17-8c64-4ebb-8d0a-d8cd94500d77","updated":0},{"data":[{"userDefined":false,"text":"feature name "},{"meta":"@anything","userDefined":true,"alias":"name","text":"vanish plate"}],"isTemplate":false,"count":0,"id":"21b757b0-345d-4587-8206-58fb286a4109","updated":0},{"data":[{"userDefined":false,"text":"feature "},{"meta":"@anything","userDefined":true,"alias":"name","text":"vanish plate"}],"isTemplate":false,"count":0,"id":"956e2aad-00e8-4ef6-86fc-aa8dc207d42d","updated":0}]