[{"data":[{"userDefined":false,"text":"set feature name to "},{"meta":"@anything","userDefined":true,"alias":"name","text":"vanish plate"}],"isTemplate":false,"count":0,"id":"ad073f33-ae38-446f-b4a3-b6a83fe96b8f","updated":0},{"data":[{"userDefined":false,"text":"what's the feature name"}],"isTemplate":false,"count":0,"id":"c998e434-cdfe-40de-b1ea-7241df8d4def","updated":0},{"data":[{"userDefined":false,"text":"what's this feature name"}],"isTemplate":false,"count":0,"id":"4a2cec25-042b-40d0-94bd-dc4a2f09cb31","updated":0},{"data":[{"userDefined":false,"text":"feature name "},{"meta":"@anything","userDefined":true,"alias":"name","text":"vanish plate"}],"isTemplate":false,"count":0,"id":"eb2c8318-2099-421f-8e9b-825314ff9f5c","updated":0},{"data":[{"userDefined":false,"text":"feature "},{"meta":"@anything","userDefined":true,"alias":"name","text":"vanish plate"}],"isTemplate":false,"count":0,"id":"2a491b37-8817-4758-93fc-0705622d2936","updated":0}]