[{"data":[{"userDefined":false,"text":"set location to "},{"meta":"@sys.cardinal","userDefined":false,"alias":"nsdegrees","text":"one"},{"userDefined":false,"text":" "},{"meta":"@degrees","userDefined":true,"alias":"nsdname","text":"d"},{"userDefined":false,"text":" "},{"meta":"@sys.cardinal","userDefined":false,"alias":"nsminutes","text":"one"},{"userDefined":false,"text":" "},{"meta":"@minutes","userDefined":true,"alias":"nsmname","text":"min"},{"userDefined":false,"text":" "},{"meta":"@northsouth","userDefined":true,"alias":"nsdir","text":"s"},{"userDefined":false,"text":" "},{"meta":"@sys.cardinal","userDefined":false,"alias":"ewdegrees","text":"one"},{"userDefined":false,"text":" "},{"meta":"@degrees","userDefined":true,"alias":"ewdname","text":"d"},{"userDefined":false,"text":" "},{"meta":"@sys.cardinal","userDefined":false,"alias":"ewminutes","text":"one"},{"userDefined":false,"text":" "},{"meta":"@minutes","userDefined":true,"alias":"ewmname","text":"min"},{"userDefined":false,"text":" "},{"meta":"@eastwest","userDefined":true,"alias":"ewdir","text":"east"}],"isTemplate":false,"count":0,"id":"b05c567e-253f-4b83-a3d5-249acacba83c","updated":0},{"data":[{"userDefined":false,"text":"location "},{"meta":"@sys.cardinal","userDefined":false,"alias":"nsdegrees","text":"one"},{"userDefined":false,"text":" "},{"meta":"@degrees","userDefined":true,"alias":"nsdname","text":"d"},{"userDefined":false,"text":" "},{"meta":"@sys.cardinal","userDefined":false,"alias":"nsminutes","text":"one"},{"userDefined":false,"text":" "},{"meta":"@minutes","userDefined":true,"alias":"nsmname","text":"min"},{"userDefined":false,"text":" "},{"meta":"@northsouth","userDefined":true,"alias":"nsdir","text":"s"},{"userDefined":false,"text":" "},{"meta":"@sys.cardinal","userDefined":false,"alias":"ewdegrees","text":"one"},{"userDefined":false,"text":" "},{"meta":"@degrees","userDefined":true,"alias":"ewdname","text":"d"},{"userDefined":false,"text":" "},{"meta":"@sys.cardinal","userDefined":false,"alias":"ewminutes","text":"one"},{"userDefined":false,"text":" "},{"meta":"@minutes","userDefined":true,"alias":"ewmname","text":"min"},{"userDefined":false,"text":" "},{"meta":"@eastwest","userDefined":true,"alias":"ewdir","text":"east"}],"isTemplate":false,"count":0,"id":"5bffa948-7be3-4eee-8ba0-b273af65f95f","updated":0},{"data":[{"userDefined":false,"text":"set location to "},{"meta":"@sys.cardinal","userDefined":false,"alias":"nsdegrees","text":"one"},{"userDefined":false,"text":" "},{"meta":"@degrees","userDefined":true,"alias":"nsdname","text":"d"},{"userDefined":false,"text":" "},{"meta":"@sys.cardinal","userDefined":false,"alias":"nsminutes","text":"one"},{"userDefined":false,"text":" "},{"meta":"@minutes","userDefined":true,"alias":"nsmname","text":"min"},{"userDefined":false,"text":" "},{"meta":"@northsouth","userDefined":true,"alias":"nsdir","text":"s"}],"isTemplate":false,"count":0,"id":"3f78e515-9576-4863-9f0c-eb0749ea2f4d","updated":0},{"data":[{"userDefined":false,"text":"location "},{"meta":"@sys.cardinal","userDefined":false,"alias":"nsdegrees","text":"one"},{"userDefined":false,"text":" "},{"meta":"@degrees","userDefined":true,"alias":"nsdname","text":"d"},{"userDefined":false,"text":" "},{"meta":"@sys.cardinal","userDefined":false,"alias":"nsminutes","text":"one"},{"userDefined":false,"text":" "},{"meta":"@minutes","userDefined":true,"alias":"nsmname","text":"min"},{"userDefined":false,"text":" "},{"meta":"@northsouth","userDefined":true,"alias":"nsdir","text":"s"}],"isTemplate":false,"count":0,"id":"2c1f5d04-759f-4013-abb0-67e59d8f970d","updated":0},{"data":[{"userDefined":false,"text":"set location to "},{"meta":"@sys.cardinal","userDefined":false,"alias":"ewdegrees","text":"one"},{"userDefined":false,"text":" "},{"meta":"@degrees","userDefined":true,"alias":"ewdname","text":"d"},{"userDefined":false,"text":" "},{"meta":"@sys.cardinal","userDefined":false,"alias":"ewminutes","text":"one"},{"userDefined":false,"text":" "},{"meta":"@minutes","userDefined":true,"alias":"ewmname","text":"min"},{"userDefined":false,"text":" "},{"meta":"@eastwest","userDefined":true,"alias":"ewdir","text":"east"}],"isTemplate":false,"count":0,"id":"d54043ca-e239-4dfc-8a37-caaf7dd077bb","updated":0},{"data":[{"userDefined":false,"text":"location "},{"meta":"@sys.cardinal","userDefined":false,"alias":"ewdegrees","text":"one"},{"userDefined":false,"text":" "},{"meta":"@degrees","userDefined":true,"alias":"ewdname","text":"d"},{"userDefined":false,"text":" "},{"meta":"@sys.cardinal","userDefined":false,"alias":"ewminutes","text":"one"},{"userDefined":false,"text":" "},{"meta":"@minutes","userDefined":true,"alias":"ewmname","text":"min"},{"userDefined":false,"text":" "},{"meta":"@eastwest","userDefined":true,"alias":"ewdir","text":"east"}],"isTemplate":false,"count":0,"id":"f22bbc31-1f75-4d33-9510-bc8fb7327891","updated":0},{"data":[{"userDefined":false,"text":"location"}],"isTemplate":false,"count":0,"id":"d40f0ac4-9b6a-4462-8ecb-0711b9584bcf","updated":0}]