[{"data":[{"userDefined":false,"text":"set location to "},{"meta":"@sys.cardinal","userDefined":false,"alias":"nsdegrees","text":"one"},{"userDefined":false,"text":" "},{"meta":"@degrees","userDefined":true,"alias":"nsdname","text":"d"},{"userDefined":false,"text":" "},{"meta":"@sys.cardinal","userDefined":false,"alias":"nsminutes","text":"one"},{"userDefined":false,"text":" "},{"meta":"@minutes","userDefined":true,"alias":"nsmname","text":"min"},{"userDefined":false,"text":" "},{"meta":"@northsouth","userDefined":true,"alias":"nsdir","text":"s"},{"userDefined":false,"text":" "},{"meta":"@sys.cardinal","userDefined":false,"alias":"ewdegrees","text":"one"},{"userDefined":false,"text":" "},{"meta":"@degrees","userDefined":true,"alias":"ewdname","text":"d"},{"userDefined":false,"text":" "},{"meta":"@sys.cardinal","userDefined":false,"alias":"ewminutes","text":"one"},{"userDefined":false,"text":" "},{"meta":"@minutes","userDefined":true,"alias":"ewmname","text":"min"},{"userDefined":false,"text":" "},{"meta":"@eastwest","userDefined":true,"alias":"ewdir","text":"east"}],"isTemplate":false,"count":0,"id":"f0de9a27-3a56-428e-bc7d-5bcfbc9b4d4f","updated":0},{"data":[{"userDefined":false,"text":"location "},{"meta":"@sys.cardinal","userDefined":false,"alias":"nsdegrees","text":"one"},{"userDefined":false,"text":" "},{"meta":"@degrees","userDefined":true,"alias":"nsdname","text":"d"},{"userDefined":false,"text":" "},{"meta":"@sys.cardinal","userDefined":false,"alias":"nsminutes","text":"one"},{"userDefined":false,"text":" "},{"meta":"@minutes","userDefined":true,"alias":"nsmname","text":"min"},{"userDefined":false,"text":" "},{"meta":"@northsouth","userDefined":true,"alias":"nsdir","text":"s"},{"userDefined":false,"text":" "},{"meta":"@sys.cardinal","userDefined":false,"alias":"ewdegrees","text":"one"},{"userDefined":false,"text":" "},{"meta":"@degrees","userDefined":true,"alias":"ewdname","text":"d"},{"userDefined":false,"text":" "},{"meta":"@sys.cardinal","userDefined":false,"alias":"ewminutes","text":"one"},{"userDefined":false,"text":" "},{"meta":"@minutes","userDefined":true,"alias":"ewmname","text":"min"},{"userDefined":false,"text":" "},{"meta":"@eastwest","userDefined":true,"alias":"ewdir","text":"east"}],"isTemplate":false,"count":0,"id":"cddfbc68-4008-4196-9cbc-a055fc2998a9","updated":0},{"data":[{"userDefined":false,"text":"set location to "},{"meta":"@sys.cardinal","userDefined":false,"alias":"nsdegrees","text":"one"},{"userDefined":false,"text":" "},{"meta":"@degrees","userDefined":true,"alias":"nsdname","text":"d"},{"userDefined":false,"text":" "},{"meta":"@sys.cardinal","userDefined":false,"alias":"nsminutes","text":"one"},{"userDefined":false,"text":" "},{"meta":"@minutes","userDefined":true,"alias":"nsmname","text":"min"},{"userDefined":false,"text":" "},{"meta":"@northsouth","userDefined":true,"alias":"nsdir","text":"s"}],"isTemplate":false,"count":0,"id":"85fcaf6d-1bbd-4ea0-8cc8-fd5fef97e1a0","updated":0},{"data":[{"userDefined":false,"text":"location "},{"meta":"@sys.cardinal","userDefined":false,"alias":"nsdegrees","text":"one"},{"userDefined":false,"text":" "},{"meta":"@degrees","userDefined":true,"alias":"nsdname","text":"d"},{"userDefined":false,"text":" "},{"meta":"@sys.cardinal","userDefined":false,"alias":"nsminutes","text":"one"},{"userDefined":false,"text":" "},{"meta":"@minutes","userDefined":true,"alias":"nsmname","text":"min"},{"userDefined":false,"text":" "},{"meta":"@northsouth","userDefined":true,"alias":"nsdir","text":"s"}],"isTemplate":false,"count":0,"id":"7c5e9c82-fa9c-4b01-af42-abd2835679bb","updated":0},{"data":[{"userDefined":false,"text":"set location to "},{"meta":"@sys.cardinal","userDefined":false,"alias":"ewdegrees","text":"one"},{"userDefined":false,"text":" "},{"meta":"@degrees","userDefined":true,"alias":"ewdname","text":"d"},{"userDefined":false,"text":" "},{"meta":"@sys.cardinal","userDefined":false,"alias":"ewminutes","text":"one"},{"userDefined":false,"text":" "},{"meta":"@minutes","userDefined":true,"alias":"ewmname","text":"min"},{"userDefined":false,"text":" "},{"meta":"@eastwest","userDefined":true,"alias":"ewdir","text":"east"}],"isTemplate":false,"count":0,"id":"3547d306-b9cd-4ff2-8db3-9a7bf791bd19","updated":0},{"data":[{"userDefined":false,"text":"location "},{"meta":"@sys.cardinal","userDefined":false,"alias":"ewdegrees","text":"one"},{"userDefined":false,"text":" "},{"meta":"@degrees","userDefined":true,"alias":"ewdname","text":"d"},{"userDefined":false,"text":" "},{"meta":"@sys.cardinal","userDefined":false,"alias":"ewminutes","text":"one"},{"userDefined":false,"text":" "},{"meta":"@minutes","userDefined":true,"alias":"ewmname","text":"min"},{"userDefined":false,"text":" "},{"meta":"@eastwest","userDefined":true,"alias":"ewdir","text":"east"}],"isTemplate":false,"count":0,"id":"b26fb205-163e-4043-9702-2e334eb3f79f","updated":0},{"data":[{"userDefined":false,"text":"location"}],"isTemplate":false,"count":0,"id":"4b523af6-f052-4ccb-b677-3e62698e40a3","updated":0}]