[{"data":[{"userDefined":false,"text":"set monster to "},{"meta":"@anything","userDefined":true,"alias":"monster","text":"vanish plate"}],"isTemplate":false,"count":0,"id":"1e3cfb41-e5cc-41ab-bff0-20c86d623a70","updated":0},{"data":[{"userDefined":false,"text":"set monster "},{"meta":"@anything","userDefined":true,"alias":"monster","text":"vanish plate"}],"isTemplate":false,"count":0,"id":"d8bf851d-ca57-435f-bd49-a6b71751a859","updated":0},{"data":[{"userDefined":false,"text":"monster "},{"meta":"@anything","userDefined":true,"alias":"monster","text":"vanish plate"}],"isTemplate":false,"count":0,"id":"c60615eb-4a54-4661-af0f-3d1550527ece","updated":0},{"data":[{"userDefined":false,"text":"monster"}],"isTemplate":false,"count":0,"id":"668caa92-d9f7-4fd6-97ff-c44d05a329ac","updated":0}]