[{"data":[{"userDefined":false,"text":"set monster to "},{"meta":"@anything","userDefined":true,"alias":"monster","text":"vanish plate"}],"isTemplate":false,"count":0,"id":"3cb7a094-9458-45f3-9ed7-8a20120e15f4","updated":0},{"data":[{"userDefined":false,"text":"set monster "},{"meta":"@anything","userDefined":true,"alias":"monster","text":"vanish plate"}],"isTemplate":false,"count":0,"id":"b0c6fa00-e6e1-4850-a3e3-e16e6a3417eb","updated":0},{"data":[{"userDefined":false,"text":"monster "},{"meta":"@anything","userDefined":true,"alias":"monster","text":"vanish plate"}],"isTemplate":false,"count":0,"id":"436e3f13-b14f-4d10-97c4-49eec32581b0","updated":0},{"data":[{"userDefined":false,"text":"monster"}],"isTemplate":false,"count":0,"id":"90ff3bd9-e7c9-40d7-bc78-0843e14ec293","updated":0}]