[{"data":[{"userDefined":false,"text":"set name to "},{"meta":"@anything","userDefined":true,"alias":"name","text":"vanish plate"}],"isTemplate":false,"count":0,"id":"129eb712-022e-4d51-bf46-daf598b7f403","updated":0},{"data":[{"userDefined":false,"text":"name "},{"meta":"@anything","userDefined":true,"alias":"name","text":"vanish plate"}],"isTemplate":false,"count":0,"id":"f2134cea-951b-4c03-a495-3f14c0b807cb","updated":0},{"data":[{"userDefined":false,"text":"set room name to "},{"meta":"@anything","userDefined":true,"alias":"name","text":"vanish plate"}],"isTemplate":false,"count":0,"id":"41fb6419-a4cd-4bd2-b1a7-3c387d8a6832","updated":0},{"data":[{"userDefined":false,"text":"room name "},{"meta":"@anything","userDefined":true,"alias":"name","text":"vanish plate"}],"isTemplate":false,"count":0,"id":"49c3ac1f-49e2-49e2-b925-cbd8010978fd","updated":0}]