[{"data":[{"userDefined":false,"text":"set name to "},{"meta":"@anything","userDefined":true,"alias":"name","text":"vanish plate"}],"isTemplate":false,"count":0,"id":"0a4ab60b-948f-43ca-9700-a7535b9c8942","updated":0},{"data":[{"userDefined":false,"text":"name "},{"meta":"@anything","userDefined":true,"alias":"name","text":"vanish plate"}],"isTemplate":false,"count":0,"id":"c33b4c1a-8cce-4b52-96c8-cdcee59e20b6","updated":0},{"data":[{"userDefined":false,"text":"set room name to "},{"meta":"@anything","userDefined":true,"alias":"name","text":"vanish plate"}],"isTemplate":false,"count":0,"id":"9a594733-8c32-4a17-a211-655a9f397571","updated":0},{"data":[{"userDefined":false,"text":"room name "},{"meta":"@anything","userDefined":true,"alias":"name","text":"vanish plate"}],"isTemplate":false,"count":0,"id":"fd41a27c-18a8-40d3-9b03-179f26f124f0","updated":0}]