[{"data":[{"userDefined":false,"text":"set type to "},{"meta":"@type","userDefined":true,"alias":"type","text":"encounter"}],"isTemplate":false,"count":0,"id":"6a18659b-5216-45a7-b306-4956adaea260","updated":0},{"data":[{"userDefined":false,"text":"set type "},{"meta":"@type","userDefined":true,"alias":"type","text":"encounter"}],"isTemplate":false,"count":0,"id":"82628749-78c1-47e6-be58-f8bd71a12e03","updated":0},{"data":[{"userDefined":false,"text":"type "},{"meta":"@type","userDefined":true,"alias":"type","text":"encounter"}],"isTemplate":false,"count":0,"id":"081ef08f-c741-439e-b6a8-c24e31f68079","updated":0}]