[{"data":[{"userDefined":false,"text":"set type to "},{"meta":"@type","userDefined":true,"alias":"type","text":"encounter"}],"isTemplate":false,"count":0,"id":"66d250b8-4b4a-450d-abb6-d172510b9d7b","updated":0},{"data":[{"userDefined":false,"text":"set type "},{"meta":"@type","userDefined":true,"alias":"type","text":"encounter"}],"isTemplate":false,"count":0,"id":"161c0e0a-42f9-4237-9376-f905055cd5d8","updated":0},{"data":[{"userDefined":false,"text":"type "},{"meta":"@type","userDefined":true,"alias":"type","text":"encounter"}],"isTemplate":false,"count":0,"id":"fe467fdd-03f9-4a2b-83fc-eb9b972147a3","updated":0}]