[{"data":[{"userDefined":false,"text":"q"}],"isTemplate":false,"count":0,"id":"c755304f-8556-49a4-b0e6-218016225def","updated":0},{"data":[{"userDefined":false,"text":"quit"}],"isTemplate":false,"count":0,"id":"702fb05b-a9ca-4c53-9fe9-42b750f14902","updated":0},{"data":[{"userDefined":false,"text":"exit"}],"isTemplate":false,"count":0,"id":"4aaaf48d-a9c4-447b-b526-7827b9e1f37f","updated":0},{"data":[{"userDefined":false,"text":"stop"}],"isTemplate":false,"count":0,"id":"e1cbf2eb-d582-4955-bd2c-67554ecace5d","updated":0},{"data":[{"userDefined":false,"text":"off"}],"isTemplate":false,"count":0,"id":"f4f2b211-a2f1-441a-96e4-ab75663e0b08","updated":0},{"data":[{"userDefined":false,"text":"shut up"}],"isTemplate":false,"count":0,"id":"599d9a42-c016-477d-8eb0-61c0256ddfd8","updated":0}]