[{"data":[{"userDefined":false,"text":"q"}],"isTemplate":false,"count":0,"id":"1c112de2-d212-4790-b3e5-b905685560be","updated":0},{"data":[{"userDefined":false,"text":"quit"}],"isTemplate":false,"count":0,"id":"736cf362-527e-48b9-9435-0fb06127f1f3","updated":0},{"data":[{"userDefined":false,"text":"exit"}],"isTemplate":false,"count":0,"id":"5b724f2e-0310-4952-9efe-7a37be9156c4","updated":0},{"data":[{"userDefined":false,"text":"stop"}],"isTemplate":false,"count":0,"id":"3974f9fd-fc53-4845-93ed-14baf34123b6","updated":0},{"data":[{"userDefined":false,"text":"off"}],"isTemplate":false,"count":0,"id":"aa150b91-d986-4889-8818-31b8cad25ddf","updated":0},{"data":[{"userDefined":false,"text":"shut up"}],"isTemplate":false,"count":0,"id":"56bcfc03-001f-4a87-966f-5d0aaa7c8499","updated":0}]