[{"data":[{"userDefined":false,"text":"about"}],"isTemplate":false,"count":0,"id":"c443e5a6-0f56-448d-93ff-1f1d54f8d1a7","updated":0},{"data":[{"userDefined":false,"text":"about me"}],"isTemplate":false,"count":0,"id":"941f3a25-f07a-426c-b594-9a9d505e0eb3","updated":0},{"data":[{"userDefined":false,"text":"give me information about "},{"meta":"@sys.given-name","userDefined":false,"alias":"whom","text":"Bob"}],"isTemplate":false,"count":0,"id":"83ce5955-a1c3-4066-909c-0e773de0bc1c","updated":0},{"data":[{"userDefined":false,"text":"i want to know more about "},{"meta":"@sys.given-name","userDefined":false,"alias":"whom","text":"Bob"}],"isTemplate":false,"count":0,"id":"99da1d79-293d-46b5-9701-213159432008","updated":0},{"data":[{"userDefined":false,"text":"tell me about my companions"}],"isTemplate":false,"count":0,"id":"c2517e04-1efe-41c8-913e-9975adfedce6","updated":0},{"data":[{"userDefined":false,"text":"about "},{"meta":"@sys.given-name","userDefined":false,"alias":"whom","text":"Bob"}],"isTemplate":false,"count":0,"id":"dceb3f3b-bb12-4770-99e0-3a92fa7d268f","updated":0},{"data":[{"userDefined":false,"text":"about myself"}],"isTemplate":false,"count":0,"id":"4f337aba-d35e-42f4-b888-964ecef2a362","updated":0},{"data":[{"userDefined":false,"text":"tell me about myself"}],"isTemplate":false,"count":0,"id":"becb5848-233c-495e-9e4d-ef7d5ac7005b","updated":0},{"data":[{"userDefined":false,"text":"tell me about "},{"meta":"@sys.given-name","userDefined":false,"alias":"whom","text":"Bob"}],"isTemplate":false,"count":0,"id":"f6d852bf-6478-4885-a23b-580a3089ac2f","updated":0},{"data":[{"userDefined":false,"text":"about companions"}],"isTemplate":false,"count":0,"id":"1cb42f67-b3f1-4b41-8d81-ffa04a26461b","updated":0},{"data":[{"userDefined":false,"text":"tell me about companions"}],"isTemplate":false,"count":0,"id":"3ce1eae2-a37a-43e0-bec1-9c6ac0a8c108","updated":0},{"data":[{"userDefined":false,"text":"about six swords"}],"isTemplate":false,"count":0,"id":"f4959bbb-dc1a-4a5f-8745-d1d9494eac80","updated":0},{"data":[{"userDefined":false,"text":"tell me about six swords"}],"isTemplate":false,"count":0,"id":"9b2a8dfc-a3c3-4a5d-be27-915f22c2f79d","updated":0}]