[{"data":[{"userDefined":false,"text":"about"}],"isTemplate":false,"count":0,"id":"978ee976-01fe-44cb-8641-224f9390e457","updated":0},{"data":[{"userDefined":false,"text":"about me"}],"isTemplate":false,"count":0,"id":"d805a938-e0d6-434d-9214-c7fc17061a72","updated":0},{"data":[{"userDefined":false,"text":"give me information about "},{"meta":"@sys.given-name","userDefined":false,"alias":"whom","text":"Bob"}],"isTemplate":false,"count":0,"id":"d0248eb8-c082-4049-8e6b-c9837795a31d","updated":0},{"data":[{"userDefined":false,"text":"i want to know more about "},{"meta":"@sys.given-name","userDefined":false,"alias":"whom","text":"Bob"}],"isTemplate":false,"count":0,"id":"e1ec4d35-06d5-40f0-be49-7676f694048b","updated":0},{"data":[{"userDefined":false,"text":"tell me about my companions"}],"isTemplate":false,"count":0,"id":"93c7f451-18ac-4a83-a2be-7cd538b87d93","updated":0},{"data":[{"userDefined":false,"text":"about "},{"meta":"@sys.given-name","userDefined":false,"alias":"whom","text":"Bob"}],"isTemplate":false,"count":0,"id":"7b424dc0-6bc9-4c39-8470-3add7dc81150","updated":0},{"data":[{"userDefined":false,"text":"about myself"}],"isTemplate":false,"count":0,"id":"49d1da09-665d-47ab-af9d-c7d435b1d69b","updated":0},{"data":[{"userDefined":false,"text":"tell me about myself"}],"isTemplate":false,"count":0,"id":"3312fdb4-e513-44ca-acb8-5ec1993092cb","updated":0},{"data":[{"userDefined":false,"text":"tell me about "},{"meta":"@sys.given-name","userDefined":false,"alias":"whom","text":"Bob"}],"isTemplate":false,"count":0,"id":"d2c15718-73b3-4fa4-abd5-c395d8ed1042","updated":0},{"data":[{"userDefined":false,"text":"about companions"}],"isTemplate":false,"count":0,"id":"a8c0cb9f-992c-403e-aedd-d6b7918ec12c","updated":0},{"data":[{"userDefined":false,"text":"tell me about companions"}],"isTemplate":false,"count":0,"id":"266605c2-5f79-49d8-bbe5-0c9887558dea","updated":0},{"data":[{"userDefined":false,"text":"about six swords"}],"isTemplate":false,"count":0,"id":"759ba4a2-0b40-45ad-948f-ebd92cbc4e57","updated":0},{"data":[{"userDefined":false,"text":"tell me about six swords"}],"isTemplate":false,"count":0,"id":"f95d6ed3-e0a8-41d6-ae00-0e0d27eb19fb","updated":0}]