[{"data":[{"userDefined":false,"text":"about"}],"isTemplate":false,"count":0,"id":"96ab32a7-908f-42b0-b95e-3417b813e03d","updated":0},{"data":[{"userDefined":false,"text":"about me"}],"isTemplate":false,"count":0,"id":"9007f019-85f3-4229-94ec-75d72d98cefa","updated":0},{"data":[{"userDefined":false,"text":"give me information about "},{"meta":"@sys.given-name","userDefined":false,"alias":"whom","text":"Bob"}],"isTemplate":false,"count":0,"id":"3cd9df1a-6182-4fcd-81c9-478c39cc6659","updated":0},{"data":[{"userDefined":false,"text":"i want to know more about "},{"meta":"@sys.given-name","userDefined":false,"alias":"whom","text":"Bob"}],"isTemplate":false,"count":0,"id":"0ffbecb1-6a96-4495-a213-2c41763c00bb","updated":0},{"data":[{"userDefined":false,"text":"tell me about my companions"}],"isTemplate":false,"count":0,"id":"bc757611-84d7-45e3-bc2d-51f772123dd7","updated":0},{"data":[{"userDefined":false,"text":"about "},{"meta":"@sys.given-name","userDefined":false,"alias":"whom","text":"Bob"}],"isTemplate":false,"count":0,"id":"ded4bf43-021d-4b1e-8a91-9f6073b66636","updated":0},{"data":[{"userDefined":false,"text":"about myself"}],"isTemplate":false,"count":0,"id":"6dc1f495-6e60-44e3-837a-e3857eb48d07","updated":0},{"data":[{"userDefined":false,"text":"tell me about myself"}],"isTemplate":false,"count":0,"id":"6698048e-fb42-4fff-9829-44beb9d9b3c1","updated":0},{"data":[{"userDefined":false,"text":"tell me about "},{"meta":"@sys.given-name","userDefined":false,"alias":"whom","text":"Bob"}],"isTemplate":false,"count":0,"id":"0581fff0-64b7-4e3b-af43-ce20fb8e6efd","updated":0},{"data":[{"userDefined":false,"text":"about companions"}],"isTemplate":false,"count":0,"id":"7baf2fda-fed7-4313-9151-e75c7389e77c","updated":0},{"data":[{"userDefined":false,"text":"tell me about companions"}],"isTemplate":false,"count":0,"id":"4529f846-cf5d-4c16-95c9-880ee772d38c","updated":0},{"data":[{"userDefined":false,"text":"about six swords"}],"isTemplate":false,"count":0,"id":"e18089fa-229d-4b5e-81ef-41912ce45c82","updated":0},{"data":[{"userDefined":false,"text":"tell me about six swords"}],"isTemplate":false,"count":0,"id":"68295949-ae0c-47f1-b7bd-f977ca5e6cc7","updated":0}]