[{"data":[{"userDefined":false,"text":"about"}],"isTemplate":false,"count":0,"id":"4257b7f2-640b-4230-97ac-d57375e5c120","updated":0},{"data":[{"userDefined":false,"text":"about me"}],"isTemplate":false,"count":0,"id":"959800f7-3a3e-423f-8b4c-14eb1a96dcb1","updated":0},{"data":[{"userDefined":false,"text":"give me information about "},{"meta":"@sys.given-name","userDefined":false,"alias":"whom","text":"Bob"}],"isTemplate":false,"count":0,"id":"a597e1e0-016b-49ab-808a-0158a69c1a8a","updated":0},{"data":[{"userDefined":false,"text":"i want to know more about "},{"meta":"@sys.given-name","userDefined":false,"alias":"whom","text":"Bob"}],"isTemplate":false,"count":0,"id":"e862e52c-099b-4470-aaa7-5342bccdb6a4","updated":0},{"data":[{"userDefined":false,"text":"tell me about my companions"}],"isTemplate":false,"count":0,"id":"1d780a30-9d2f-4d71-ae3d-cde96b5ab13f","updated":0},{"data":[{"userDefined":false,"text":"about "},{"meta":"@sys.given-name","userDefined":false,"alias":"whom","text":"Bob"}],"isTemplate":false,"count":0,"id":"52941d7a-649f-4eb4-b2af-e5ab788b83d5","updated":0},{"data":[{"userDefined":false,"text":"about myself"}],"isTemplate":false,"count":0,"id":"51e8df11-96ca-4f9a-8ae3-d99b376fff90","updated":0},{"data":[{"userDefined":false,"text":"tell me about myself"}],"isTemplate":false,"count":0,"id":"45cb0440-1103-4bab-a28c-3fb5f9a799cb","updated":0},{"data":[{"userDefined":false,"text":"tell me about "},{"meta":"@sys.given-name","userDefined":false,"alias":"whom","text":"Bob"}],"isTemplate":false,"count":0,"id":"dfd1c970-3939-4bf9-bcfa-6b280a58e4c8","updated":0},{"data":[{"userDefined":false,"text":"about companions"}],"isTemplate":false,"count":0,"id":"22c798d6-d034-4c06-8ec2-7672f614dca4","updated":0},{"data":[{"userDefined":false,"text":"tell me about companions"}],"isTemplate":false,"count":0,"id":"768f79d5-3f47-4925-af20-61cb43dcb4c3","updated":0},{"data":[{"userDefined":false,"text":"about six swords"}],"isTemplate":false,"count":0,"id":"e59f0bd9-4bde-4fa3-891e-a6e4b7db807c","updated":0},{"data":[{"userDefined":false,"text":"tell me about six swords"}],"isTemplate":false,"count":0,"id":"b8ed44bd-39fd-45f6-86fe-c3a1f70efe24","updated":0}]