[{"data":[{"userDefined":false,"text":"about"}],"isTemplate":false,"count":0,"id":"dd92c0f8-3068-4df1-9890-563c5e035ff9","updated":0},{"data":[{"userDefined":false,"text":"about me"}],"isTemplate":false,"count":0,"id":"49c5d46f-1d3e-478a-9420-ceb55449f667","updated":0},{"data":[{"userDefined":false,"text":"give me information about "},{"meta":"@sys.given-name","userDefined":false,"alias":"whom","text":"Bob"}],"isTemplate":false,"count":0,"id":"64c21246-e3c2-405c-b360-d2a115fbed62","updated":0},{"data":[{"userDefined":false,"text":"i want to know more about "},{"meta":"@sys.given-name","userDefined":false,"alias":"whom","text":"Bob"}],"isTemplate":false,"count":0,"id":"4c2a611d-58f4-40c3-a4ad-2c8ba4ec2ddf","updated":0},{"data":[{"userDefined":false,"text":"tell me about my companions"}],"isTemplate":false,"count":0,"id":"5966d344-808b-4d9e-ae57-dcd9749cdbfa","updated":0},{"data":[{"userDefined":false,"text":"about "},{"meta":"@sys.given-name","userDefined":false,"alias":"whom","text":"Bob"}],"isTemplate":false,"count":0,"id":"d1c3389a-bfeb-4a67-9d07-3c28bc98a458","updated":0},{"data":[{"userDefined":false,"text":"about myself"}],"isTemplate":false,"count":0,"id":"e246c647-5d2a-410f-9293-23948d22503f","updated":0},{"data":[{"userDefined":false,"text":"tell me about myself"}],"isTemplate":false,"count":0,"id":"d4a8b109-0ace-4f69-b5a2-f245212198f7","updated":0},{"data":[{"userDefined":false,"text":"tell me about "},{"meta":"@sys.given-name","userDefined":false,"alias":"whom","text":"Bob"}],"isTemplate":false,"count":0,"id":"f323ff2d-ef21-4f09-a477-c42e14087c31","updated":0},{"data":[{"userDefined":false,"text":"about companions"}],"isTemplate":false,"count":0,"id":"0aaa7eba-64d7-404e-ada3-737b7fa1da6f","updated":0},{"data":[{"userDefined":false,"text":"tell me about companions"}],"isTemplate":false,"count":0,"id":"7283075a-e9e7-436d-bf07-56fbb8dbab59","updated":0},{"data":[{"userDefined":false,"text":"about six swords"}],"isTemplate":false,"count":0,"id":"cc5a5583-c1a7-49e0-a007-be48d1196716","updated":0},{"data":[{"userDefined":false,"text":"tell me about six swords"}],"isTemplate":false,"count":0,"id":"dc651e62-a4a1-4f77-b1e3-c1ead892de53","updated":0}]