[{"data":[{"userDefined":false,"text":"about"}],"isTemplate":false,"count":0,"id":"ce7113b1-34d4-4a61-9cac-5690c06e7efa","updated":0},{"data":[{"userDefined":false,"text":"about me"}],"isTemplate":false,"count":0,"id":"4b13c474-5197-4a96-b34a-ba872164a9e5","updated":0},{"data":[{"userDefined":false,"text":"give me information about "},{"meta":"@sys.given-name","userDefined":false,"alias":"whom","text":"Bob"}],"isTemplate":false,"count":0,"id":"24d4fb2f-307a-4fde-8c5c-93ee38a4ca2b","updated":0},{"data":[{"userDefined":false,"text":"i want to know more about "},{"meta":"@sys.given-name","userDefined":false,"alias":"whom","text":"Bob"}],"isTemplate":false,"count":0,"id":"b076f7b0-20c3-4a86-b0e9-4dcb79c8e07e","updated":0},{"data":[{"userDefined":false,"text":"tell me about my companions"}],"isTemplate":false,"count":0,"id":"c06b5d49-0e40-4a3a-8684-017a5cbb861c","updated":0},{"data":[{"userDefined":false,"text":"about "},{"meta":"@sys.given-name","userDefined":false,"alias":"whom","text":"Bob"}],"isTemplate":false,"count":0,"id":"f4f78b3d-8955-427f-a560-5ed319499533","updated":0},{"data":[{"userDefined":false,"text":"about myself"}],"isTemplate":false,"count":0,"id":"b34b826b-a3c5-4afa-bef2-da4c99ef1232","updated":0},{"data":[{"userDefined":false,"text":"tell me about myself"}],"isTemplate":false,"count":0,"id":"e1f0e8a1-344a-4b32-af48-25a2dd58cf37","updated":0},{"data":[{"userDefined":false,"text":"tell me about "},{"meta":"@sys.given-name","userDefined":false,"alias":"whom","text":"Bob"}],"isTemplate":false,"count":0,"id":"89940343-7f68-4905-aa92-fe16c4ab0f62","updated":0},{"data":[{"userDefined":false,"text":"about companions"}],"isTemplate":false,"count":0,"id":"5920976d-ec87-4877-ba10-0976b17476dd","updated":0},{"data":[{"userDefined":false,"text":"tell me about companions"}],"isTemplate":false,"count":0,"id":"6f5e1797-f04d-4c60-b785-862370b6e5e1","updated":0},{"data":[{"userDefined":false,"text":"about six swords"}],"isTemplate":false,"count":0,"id":"996142bd-11d6-45e6-9a70-4fe355b407ed","updated":0},{"data":[{"userDefined":false,"text":"tell me about six swords"}],"isTemplate":false,"count":0,"id":"628b1fbd-2671-41ca-aceb-cc2a5dee0cbb","updated":0}]