[{"data":[{"userDefined":false,"text":"activate"}],"isTemplate":false,"count":0,"id":"c7cb8b28-08cb-4aa9-96d5-cc0dfbf3f798","updated":0},{"data":[{"userDefined":false,"text":"activate "},{"meta":"@sys.given-name","userDefined":false,"alias":"whom","text":"Bob"}],"isTemplate":false,"count":0,"id":"fb3cb005-b6eb-4a34-bfdc-6bcf40c376bb","updated":0},{"data":[{"userDefined":false,"text":"make "},{"meta":"@sys.given-name","userDefined":false,"alias":"whom","text":"Bob"},{"userDefined":false,"text":" active"}],"isTemplate":false,"count":0,"id":"1fe5fe64-63ef-471f-86d2-b941e5d0646d","updated":0},{"data":[{"userDefined":false,"text":"active"}],"isTemplate":false,"count":0,"id":"abad46b6-ae39-42b2-9d89-08fa5ab90cc9","updated":0},{"data":[{"userDefined":false,"text":"active companion"}],"isTemplate":false,"count":0,"id":"dfd54481-40f0-4423-aa2e-a190e03ff535","updated":0},{"data":[{"userDefined":false,"text":"who is active"}],"isTemplate":false,"count":0,"id":"3859aef4-4ad3-4935-b20b-3a67d8ff7ad9","updated":0},{"data":[{"userDefined":false,"text":"selected"}],"isTemplate":false,"count":0,"id":"b8784d1d-5a8d-499f-96bd-9e73dd92cb54","updated":0},{"data":[{"userDefined":false,"text":"selected companion"}],"isTemplate":false,"count":0,"id":"f8d892c6-a82c-46e0-8114-47c090a2af75","updated":0},{"data":[{"userDefined":false,"text":"who is selected"}],"isTemplate":false,"count":0,"id":"011440ce-609e-4d1c-820b-2e472c5c19f7","updated":0},{"data":[{"userDefined":false,"text":"who's active"}],"isTemplate":false,"count":0,"id":"4bfe8904-2e1c-4359-91ed-866f9ba0053c","updated":0},{"data":[{"userDefined":false,"text":"who is the selected companion"}],"isTemplate":false,"count":0,"id":"44df8863-e153-4b5d-b541-38fa825f17b0","updated":0},{"data":[{"userDefined":false,"text":"who's my selected companion"}],"isTemplate":false,"count":0,"id":"e00d9074-d8c6-467e-9413-94e945ecac6e","updated":0},{"data":[{"userDefined":false,"text":"who is the active companion"}],"isTemplate":false,"count":0,"id":"62ecdcff-93bb-4435-b492-1a49132f926d","updated":0},{"data":[{"userDefined":false,"text":"make "},{"meta":"@sys.given-name","userDefined":false,"alias":"whom","text":"Bob"},{"userDefined":false,"text":" my active companion"}],"isTemplate":false,"count":0,"id":"070378a5-aef8-4db0-a2da-ed410be5bdea","updated":0}]