[{"data":[{"userDefined":false,"text":"activate"}],"isTemplate":false,"count":0,"id":"55e15e48-ae4e-48ce-bcd6-2059d48a9ae9","updated":0},{"data":[{"userDefined":false,"text":"activate "},{"meta":"@sys.given-name","userDefined":false,"alias":"whom","text":"Bob"}],"isTemplate":false,"count":0,"id":"3c4cdbdc-7c53-4db1-a394-f12f2e19933d","updated":0},{"data":[{"userDefined":false,"text":"make "},{"meta":"@sys.given-name","userDefined":false,"alias":"whom","text":"Bob"},{"userDefined":false,"text":" active"}],"isTemplate":false,"count":0,"id":"a5cfc0b4-2e31-4bd7-9709-6a75fc1d57c2","updated":0},{"data":[{"userDefined":false,"text":"active"}],"isTemplate":false,"count":0,"id":"4f24c406-0ade-4707-9cf6-c31c19c96d9f","updated":0},{"data":[{"userDefined":false,"text":"active companion"}],"isTemplate":false,"count":0,"id":"0d896060-9bac-4ad2-a724-eef7eb65b7d2","updated":0},{"data":[{"userDefined":false,"text":"who is active"}],"isTemplate":false,"count":0,"id":"e0fd935c-ae36-4445-928c-9bd2f4098263","updated":0},{"data":[{"userDefined":false,"text":"selected"}],"isTemplate":false,"count":0,"id":"acb6c343-d051-4167-b13b-79dac4b1dda3","updated":0},{"data":[{"userDefined":false,"text":"selected companion"}],"isTemplate":false,"count":0,"id":"d81012f8-3e79-47f8-bec6-89b6cfbed00c","updated":0},{"data":[{"userDefined":false,"text":"who is selected"}],"isTemplate":false,"count":0,"id":"d9a23ac2-ce03-48bc-a108-44c995dee12c","updated":0},{"data":[{"userDefined":false,"text":"who's active"}],"isTemplate":false,"count":0,"id":"c4a29921-1899-4360-9efb-add0b344822a","updated":0},{"data":[{"userDefined":false,"text":"who is the selected companion"}],"isTemplate":false,"count":0,"id":"001affa6-667f-4e96-905f-c5d676d6ac6f","updated":0},{"data":[{"userDefined":false,"text":"who's my selected companion"}],"isTemplate":false,"count":0,"id":"fc0c1af2-19ca-4dc7-bf46-8b5aa3c6bbf1","updated":0},{"data":[{"userDefined":false,"text":"who is the active companion"}],"isTemplate":false,"count":0,"id":"2c1a88bd-f467-47be-a3a1-48b38840c589","updated":0},{"data":[{"userDefined":false,"text":"make "},{"meta":"@sys.given-name","userDefined":false,"alias":"whom","text":"Bob"},{"userDefined":false,"text":" my active companion"}],"isTemplate":false,"count":0,"id":"f09cdb36-0bad-43d7-95b5-54c0d58cea4c","updated":0}]