[{"data":[{"userDefined":false,"text":"activate"}],"isTemplate":false,"count":0,"id":"11a2eacb-577e-4091-98db-7d4c08e7fb7e","updated":0},{"data":[{"userDefined":false,"text":"activate "},{"meta":"@sys.given-name","userDefined":false,"alias":"whom","text":"Bob"}],"isTemplate":false,"count":0,"id":"d9582c70-7dc7-483d-8626-514574cad7ae","updated":0},{"data":[{"userDefined":false,"text":"make "},{"meta":"@sys.given-name","userDefined":false,"alias":"whom","text":"Bob"},{"userDefined":false,"text":" active"}],"isTemplate":false,"count":0,"id":"63d2cf47-ea9f-4c91-a2c6-f8640f9875a4","updated":0},{"data":[{"userDefined":false,"text":"active"}],"isTemplate":false,"count":0,"id":"e99117e3-e648-4c7c-b236-25a92c7fa6df","updated":0},{"data":[{"userDefined":false,"text":"active companion"}],"isTemplate":false,"count":0,"id":"f07ac9e6-55fe-4260-941c-15d2966bc810","updated":0},{"data":[{"userDefined":false,"text":"who is active"}],"isTemplate":false,"count":0,"id":"f9c110e8-51c3-4210-8743-741c2c08397a","updated":0},{"data":[{"userDefined":false,"text":"selected"}],"isTemplate":false,"count":0,"id":"618504e8-fdca-4242-8a6c-71e5a11b8ae5","updated":0},{"data":[{"userDefined":false,"text":"selected companion"}],"isTemplate":false,"count":0,"id":"0601d23b-aefe-4272-8579-d1b5555aa551","updated":0},{"data":[{"userDefined":false,"text":"who is selected"}],"isTemplate":false,"count":0,"id":"3a2aba17-f461-4915-a8f8-5599104e10be","updated":0},{"data":[{"userDefined":false,"text":"who's active"}],"isTemplate":false,"count":0,"id":"c7816d04-0a7f-45cf-83ae-02756a5f036a","updated":0},{"data":[{"userDefined":false,"text":"who is the selected companion"}],"isTemplate":false,"count":0,"id":"ff741643-05f0-4b1a-80f5-1d239950e6ea","updated":0},{"data":[{"userDefined":false,"text":"who's my selected companion"}],"isTemplate":false,"count":0,"id":"ae722910-9528-44e3-9da9-db3bb44ea569","updated":0},{"data":[{"userDefined":false,"text":"who is the active companion"}],"isTemplate":false,"count":0,"id":"67d68c1b-59b4-4690-bd4c-e2276b53f953","updated":0},{"data":[{"userDefined":false,"text":"make "},{"meta":"@sys.given-name","userDefined":false,"alias":"whom","text":"Bob"},{"userDefined":false,"text":" my active companion"}],"isTemplate":false,"count":0,"id":"299db070-7825-4c24-b090-6d083059da03","updated":0}]