[{"data":[{"userDefined":false,"text":"activate"}],"isTemplate":false,"count":0,"id":"9d89b079-224b-461d-8a45-a7ba0fe6a392","updated":0},{"data":[{"userDefined":false,"text":"activate "},{"meta":"@sys.given-name","userDefined":false,"alias":"whom","text":"Bob"}],"isTemplate":false,"count":0,"id":"89c94eb8-1879-4980-9957-122735e90b77","updated":0},{"data":[{"userDefined":false,"text":"make "},{"meta":"@sys.given-name","userDefined":false,"alias":"whom","text":"Bob"},{"userDefined":false,"text":" active"}],"isTemplate":false,"count":0,"id":"7ab911b3-18dc-48a6-b46c-6c2055a9c559","updated":0},{"data":[{"userDefined":false,"text":"active"}],"isTemplate":false,"count":0,"id":"c9b24bb4-a9ec-45a9-895f-77e18c2c9714","updated":0},{"data":[{"userDefined":false,"text":"active companion"}],"isTemplate":false,"count":0,"id":"d2213449-dbfe-41d8-a9dc-465f22352562","updated":0},{"data":[{"userDefined":false,"text":"who is active"}],"isTemplate":false,"count":0,"id":"8c4259da-a036-4b2f-aceb-f65041314c02","updated":0},{"data":[{"userDefined":false,"text":"selected"}],"isTemplate":false,"count":0,"id":"7052e3df-f8b7-4602-8840-fc87c3973549","updated":0},{"data":[{"userDefined":false,"text":"selected companion"}],"isTemplate":false,"count":0,"id":"e3e0e5f1-727b-4da8-87f1-2ede766fb21a","updated":0},{"data":[{"userDefined":false,"text":"who is selected"}],"isTemplate":false,"count":0,"id":"a6118621-447d-4491-87ae-a587ce22648a","updated":0},{"data":[{"userDefined":false,"text":"who's active"}],"isTemplate":false,"count":0,"id":"1f9dc5e8-5cfa-4e5d-8113-58a09ece4df3","updated":0},{"data":[{"userDefined":false,"text":"who is the selected companion"}],"isTemplate":false,"count":0,"id":"261bad91-6284-4b95-9ef3-39b5fd643cd9","updated":0},{"data":[{"userDefined":false,"text":"who's my selected companion"}],"isTemplate":false,"count":0,"id":"443bb303-9869-4ea5-9b8b-12bf51c3bec2","updated":0},{"data":[{"userDefined":false,"text":"who is the active companion"}],"isTemplate":false,"count":0,"id":"68435fcf-c6ae-48c6-a669-5e3a1186bb80","updated":0},{"data":[{"userDefined":false,"text":"make "},{"meta":"@sys.given-name","userDefined":false,"alias":"whom","text":"Bob"},{"userDefined":false,"text":" my active companion"}],"isTemplate":false,"count":0,"id":"b1f1a33b-6736-453a-b50d-2da9d5967d37","updated":0}]