[{"data":[{"userDefined":false,"text":"activate"}],"isTemplate":false,"count":0,"id":"13991919-c853-440a-9a4e-6ee891c27db5","updated":0},{"data":[{"userDefined":false,"text":"activate "},{"meta":"@sys.given-name","userDefined":false,"alias":"whom","text":"Bob"}],"isTemplate":false,"count":0,"id":"4e2ed30c-9cc5-428f-9854-352f4f2d2b1f","updated":0},{"data":[{"userDefined":false,"text":"make "},{"meta":"@sys.given-name","userDefined":false,"alias":"whom","text":"Bob"},{"userDefined":false,"text":" active"}],"isTemplate":false,"count":0,"id":"2596a173-6f53-4a6c-9490-9f998d9e470e","updated":0},{"data":[{"userDefined":false,"text":"active"}],"isTemplate":false,"count":0,"id":"36d5076c-11bc-4a64-a1ed-bc5c58939cd9","updated":0},{"data":[{"userDefined":false,"text":"active companion"}],"isTemplate":false,"count":0,"id":"2f75c6e1-c0ea-4c58-a723-f139c9f87054","updated":0},{"data":[{"userDefined":false,"text":"who is active"}],"isTemplate":false,"count":0,"id":"8f3e9ab0-c612-43e8-814f-b9145b366d49","updated":0},{"data":[{"userDefined":false,"text":"selected"}],"isTemplate":false,"count":0,"id":"54d95a5d-343a-44f7-89f3-1fd26e1c8154","updated":0},{"data":[{"userDefined":false,"text":"selected companion"}],"isTemplate":false,"count":0,"id":"b7293ea8-22ff-48dc-8d84-0e1a733f3967","updated":0},{"data":[{"userDefined":false,"text":"who is selected"}],"isTemplate":false,"count":0,"id":"4ff465f9-c921-4a3d-8fbd-7db649bdce55","updated":0},{"data":[{"userDefined":false,"text":"who's active"}],"isTemplate":false,"count":0,"id":"8996f245-a811-4d5d-94e2-7ccd9961186b","updated":0},{"data":[{"userDefined":false,"text":"who is the selected companion"}],"isTemplate":false,"count":0,"id":"6250bb98-c367-486a-8884-d9fdd508054f","updated":0},{"data":[{"userDefined":false,"text":"who's my selected companion"}],"isTemplate":false,"count":0,"id":"24009a1c-ffea-4992-b4b1-750325e4254c","updated":0},{"data":[{"userDefined":false,"text":"who is the active companion"}],"isTemplate":false,"count":0,"id":"8e289c99-1866-4d6f-a0f0-959bf41d005d","updated":0},{"data":[{"userDefined":false,"text":"make "},{"meta":"@sys.given-name","userDefined":false,"alias":"whom","text":"Bob"},{"userDefined":false,"text":" my active companion"}],"isTemplate":false,"count":0,"id":"6f699f66-107e-470f-a2d5-10c040c2008b","updated":0}]