[{"data":[{"userDefined":false,"text":"activate"}],"isTemplate":false,"count":0,"id":"ce76c9da-d4f4-42b5-bb8c-a37f8be1235b","updated":0},{"data":[{"userDefined":false,"text":"activate "},{"meta":"@sys.given-name","userDefined":false,"alias":"whom","text":"Bob"}],"isTemplate":false,"count":0,"id":"da693d73-6462-418f-888d-379d9eb720a5","updated":0},{"data":[{"userDefined":false,"text":"make "},{"meta":"@sys.given-name","userDefined":false,"alias":"whom","text":"Bob"},{"userDefined":false,"text":" active"}],"isTemplate":false,"count":0,"id":"0afe0b80-f8ee-4a4a-8691-be419a3ad64d","updated":0},{"data":[{"userDefined":false,"text":"active"}],"isTemplate":false,"count":0,"id":"5b9e01f1-dc58-4b87-b765-4179b2312594","updated":0},{"data":[{"userDefined":false,"text":"active companion"}],"isTemplate":false,"count":0,"id":"9e6bd672-26c2-4f60-b8d0-c2e0e6382359","updated":0},{"data":[{"userDefined":false,"text":"who is active"}],"isTemplate":false,"count":0,"id":"063925d9-7343-42e7-bee3-ab9081558659","updated":0},{"data":[{"userDefined":false,"text":"selected"}],"isTemplate":false,"count":0,"id":"6613dd34-3f12-49a4-9a14-6c2bbc134bf0","updated":0},{"data":[{"userDefined":false,"text":"selected companion"}],"isTemplate":false,"count":0,"id":"9bf5e4af-d927-44e9-a7aa-7f955339dd7f","updated":0},{"data":[{"userDefined":false,"text":"who is selected"}],"isTemplate":false,"count":0,"id":"f4b31a44-f4e3-4064-9563-3a0e0e06aca9","updated":0},{"data":[{"userDefined":false,"text":"who's active"}],"isTemplate":false,"count":0,"id":"111ac384-4083-48e9-866f-d622337e33c7","updated":0},{"data":[{"userDefined":false,"text":"who is the selected companion"}],"isTemplate":false,"count":0,"id":"a835772e-dd11-44df-bc04-40c4b6db3ed3","updated":0},{"data":[{"userDefined":false,"text":"who's my selected companion"}],"isTemplate":false,"count":0,"id":"68cb8715-5475-4694-a862-f30f8c3cf4c5","updated":0},{"data":[{"userDefined":false,"text":"who is the active companion"}],"isTemplate":false,"count":0,"id":"6ed6d4df-2b8f-4d7d-a1c1-a7c8abffebfb","updated":0},{"data":[{"userDefined":false,"text":"make "},{"meta":"@sys.given-name","userDefined":false,"alias":"whom","text":"Bob"},{"userDefined":false,"text":" my active companion"}],"isTemplate":false,"count":0,"id":"0e1250f6-b907-49bf-a07a-63d555bf2023","updated":0}]