[{"data":[{"userDefined":false,"text":"buy "},{"meta":"@items","userDefined":true,"alias":"what","text":"Humanoid Control Potion"}],"isTemplate":false,"count":0,"id":"234d8075-d9be-4fa6-bff3-423a92df6371","updated":0},{"data":[{"userDefined":false,"text":"by "},{"meta":"@items","userDefined":true,"alias":"what","text":"Humanoid Control Potion"}],"isTemplate":false,"count":0,"id":"6db64836-253e-40e2-a54a-b3afdff4ef54","updated":0},{"data":[{"userDefined":false,"text":"i want to buy "},{"meta":"@items","userDefined":true,"alias":"what","text":"Humanoid Control Potion"}],"isTemplate":false,"count":0,"id":"a0aa73f9-feb9-44d8-ba39-6590c05005a3","updated":0},{"data":[{"userDefined":false,"text":"purchase "},{"meta":"@items","userDefined":true,"alias":"what","text":"Humanoid Control Potion"}],"isTemplate":false,"count":0,"id":"6a4a4a7e-207b-426f-8058-475a4cf854f2","updated":0},{"data":[{"userDefined":false,"text":"pick up "},{"meta":"@items","userDefined":true,"alias":"what","text":"Humanoid Control Potion"}],"isTemplate":false,"count":0,"id":"53f730f0-134d-4c9f-a6b8-179b94c110c7","updated":0},{"data":[{"userDefined":false,"text":"get "},{"meta":"@items","userDefined":true,"alias":"what","text":"Humanoid Control Potion"}],"isTemplate":false,"count":0,"id":"0a814584-76a2-4013-8a91-2bb8e69a0674","updated":0}]