[{"data":[{"userDefined":false,"text":"buy "},{"meta":"@items","userDefined":true,"alias":"what","text":"Humanoid Control Potion"}],"isTemplate":false,"count":0,"id":"740425c3-d263-407b-badb-c78c16f03b0d","updated":0},{"data":[{"userDefined":false,"text":"by "},{"meta":"@items","userDefined":true,"alias":"what","text":"Humanoid Control Potion"}],"isTemplate":false,"count":0,"id":"7563a89a-1f39-4ce2-947a-1c953f96e063","updated":0},{"data":[{"userDefined":false,"text":"i want to buy "},{"meta":"@items","userDefined":true,"alias":"what","text":"Humanoid Control Potion"}],"isTemplate":false,"count":0,"id":"e1a2f6c7-ed46-416a-ba04-2e876f5c797d","updated":0},{"data":[{"userDefined":false,"text":"purchase "},{"meta":"@items","userDefined":true,"alias":"what","text":"Humanoid Control Potion"}],"isTemplate":false,"count":0,"id":"9add5168-9283-457c-be52-40cd4ba48e75","updated":0},{"data":[{"userDefined":false,"text":"pick up "},{"meta":"@items","userDefined":true,"alias":"what","text":"Humanoid Control Potion"}],"isTemplate":false,"count":0,"id":"e0b5d381-597c-49d1-8422-cef69b1e351f","updated":0},{"data":[{"userDefined":false,"text":"get "},{"meta":"@items","userDefined":true,"alias":"what","text":"Humanoid Control Potion"}],"isTemplate":false,"count":0,"id":"149633bb-f449-4592-8384-df5c5d4060ca","updated":0}]