[{"data":[{"userDefined":false,"text":"buy "},{"meta":"@items","userDefined":true,"alias":"what","text":"Humanoid Control Potion"}],"isTemplate":false,"count":0,"id":"461095e9-72ff-499a-a541-145eaa17a462","updated":0},{"data":[{"userDefined":false,"text":"by "},{"meta":"@items","userDefined":true,"alias":"what","text":"Humanoid Control Potion"}],"isTemplate":false,"count":0,"id":"5ab5bb44-e348-49e0-afa6-a2c9d1e3cb8b","updated":0},{"data":[{"userDefined":false,"text":"i want to buy "},{"meta":"@items","userDefined":true,"alias":"what","text":"Humanoid Control Potion"}],"isTemplate":false,"count":0,"id":"264444ed-a014-40c0-acd6-8b9bc225783a","updated":0},{"data":[{"userDefined":false,"text":"purchase "},{"meta":"@items","userDefined":true,"alias":"what","text":"Humanoid Control Potion"}],"isTemplate":false,"count":0,"id":"d9c9f640-56e5-4e70-bfbd-e23ee50c93cf","updated":0},{"data":[{"userDefined":false,"text":"pick up "},{"meta":"@items","userDefined":true,"alias":"what","text":"Humanoid Control Potion"}],"isTemplate":false,"count":0,"id":"2030a6b1-8998-4fa4-9d9b-f3a3166435ef","updated":0},{"data":[{"userDefined":false,"text":"get "},{"meta":"@items","userDefined":true,"alias":"what","text":"Humanoid Control Potion"}],"isTemplate":false,"count":0,"id":"f4082d26-5c74-4d2a-be95-d91f759dcb4e","updated":0}]