[{"data":[{"userDefined":false,"text":"buy "},{"meta":"@items","userDefined":true,"alias":"what","text":"Humanoid Control Potion"}],"isTemplate":false,"count":0,"id":"19355d2e-5cc3-4b9b-b437-f4a791f95920","updated":0},{"data":[{"userDefined":false,"text":"by "},{"meta":"@items","userDefined":true,"alias":"what","text":"Humanoid Control Potion"}],"isTemplate":false,"count":0,"id":"c42f4f61-e81a-409d-b98d-aa82bfa59c3b","updated":0},{"data":[{"userDefined":false,"text":"i want to buy "},{"meta":"@items","userDefined":true,"alias":"what","text":"Humanoid Control Potion"}],"isTemplate":false,"count":0,"id":"37061c74-9b1f-4bf4-a33e-ab96d09cf091","updated":0},{"data":[{"userDefined":false,"text":"purchase "},{"meta":"@items","userDefined":true,"alias":"what","text":"Humanoid Control Potion"}],"isTemplate":false,"count":0,"id":"bf8d13a5-3e9f-4eb2-9bda-ea3558db913b","updated":0},{"data":[{"userDefined":false,"text":"pick up "},{"meta":"@items","userDefined":true,"alias":"what","text":"Humanoid Control Potion"}],"isTemplate":false,"count":0,"id":"3330d44a-9b00-4a47-aa7f-cb1f45e87d16","updated":0},{"data":[{"userDefined":false,"text":"get "},{"meta":"@items","userDefined":true,"alias":"what","text":"Humanoid Control Potion"}],"isTemplate":false,"count":0,"id":"2ac0411c-6de0-4ae1-a8f7-1b93f7050365","updated":0}]