[{"data":[{"userDefined":false,"text":"buy "},{"meta":"@items","userDefined":true,"alias":"what","text":"Humanoid Control Potion"}],"isTemplate":false,"count":0,"id":"2a6a945f-ed85-4b25-878b-c09197bc1cb0","updated":0},{"data":[{"userDefined":false,"text":"by "},{"meta":"@items","userDefined":true,"alias":"what","text":"Humanoid Control Potion"}],"isTemplate":false,"count":0,"id":"9deea419-7e96-49ca-8a14-a122eac7fd2a","updated":0},{"data":[{"userDefined":false,"text":"i want to buy "},{"meta":"@items","userDefined":true,"alias":"what","text":"Humanoid Control Potion"}],"isTemplate":false,"count":0,"id":"5a87a14b-932c-47f9-aba8-a2eb02cd5911","updated":0},{"data":[{"userDefined":false,"text":"purchase "},{"meta":"@items","userDefined":true,"alias":"what","text":"Humanoid Control Potion"}],"isTemplate":false,"count":0,"id":"032994f3-237e-49b7-a668-8aae98dbc05f","updated":0},{"data":[{"userDefined":false,"text":"pick up "},{"meta":"@items","userDefined":true,"alias":"what","text":"Humanoid Control Potion"}],"isTemplate":false,"count":0,"id":"140a5df9-5c3f-44a6-aa29-f86db21dc469","updated":0},{"data":[{"userDefined":false,"text":"get "},{"meta":"@items","userDefined":true,"alias":"what","text":"Humanoid Control Potion"}],"isTemplate":false,"count":0,"id":"0d6e3b64-b46d-42ac-9a31-7b7dbfd51d17","updated":0}]