[{"data":[{"userDefined":false,"text":"equip"}],"isTemplate":false,"count":0,"id":"cee48ccf-6a13-427d-873b-78bf5708fadd","updated":0},{"data":[{"userDefined":false,"text":"equip "},{"meta":"@items","userDefined":true,"alias":"what","text":"Humanoid Control Potion"}],"isTemplate":false,"count":0,"id":"166aa490-ca60-46ad-8597-095baa494db7","updated":0},{"data":[{"userDefined":false,"text":"give "},{"meta":"@items","userDefined":true,"alias":"what","text":"Humanoid Control Potion"}],"isTemplate":false,"count":0,"id":"50354fe6-af4e-41db-a70a-19f636c6a820","updated":0},{"data":[{"userDefined":false,"text":"wear "},{"meta":"@items","userDefined":true,"alias":"what","text":"Humanoid Control Potion"}],"isTemplate":false,"count":0,"id":"e2616a20-623e-460a-9a25-8384ee385e1f","updated":0},{"data":[{"userDefined":false,"text":"wield "},{"meta":"@items","userDefined":true,"alias":"what","text":"Humanoid Control Potion"}],"isTemplate":false,"count":0,"id":"dfd02cf1-2ae9-42a5-9672-488dfa5bf943","updated":0},{"data":[{"userDefined":false,"text":"use "},{"meta":"@items","userDefined":true,"alias":"what","text":"Humanoid Control Potion"}],"isTemplate":false,"count":0,"id":"b7761478-dea1-4efa-99c0-56ef89254e1d","updated":0},{"data":[{"userDefined":false,"text":"put on "},{"meta":"@items","userDefined":true,"alias":"what","text":"Humanoid Control Potion"}],"isTemplate":false,"count":0,"id":"d8249632-7ad6-4643-86ef-d2940c48dde8","updated":0},{"data":[{"userDefined":false,"text":"equip "},{"meta":"@sys.given-name","userDefined":false,"alias":"whom","text":"Bob"},{"userDefined":false,"text":" with "},{"meta":"@items","userDefined":true,"alias":"what","text":"Humanoid Control Potion"}],"isTemplate":false,"count":0,"id":"4e450bf7-de08-4491-bf29-ce643e3fa4c6","updated":0},{"data":[{"userDefined":false,"text":"give "},{"meta":"@items","userDefined":true,"alias":"what","text":"Humanoid Control Potion"},{"userDefined":false,"text":" to "},{"meta":"@sys.given-name","userDefined":false,"alias":"whom","text":"Bob"}],"isTemplate":false,"count":0,"id":"34c238b3-6f5c-47ee-8f28-12d59ac42a3e","updated":0},{"data":[{"userDefined":false,"text":"ask "},{"meta":"@sys.given-name","userDefined":false,"alias":"whom","text":"Bob"},{"userDefined":false,"text":" to wear "},{"meta":"@items","userDefined":true,"alias":"what","text":"Humanoid Control Potion"}],"isTemplate":false,"count":0,"id":"eaf0d8a0-c190-4450-8508-186f9f63f555","updated":0},{"data":[{"userDefined":false,"text":"ask "},{"meta":"@sys.given-name","userDefined":false,"alias":"whom","text":"Bob"},{"userDefined":false,"text":" to wield "},{"meta":"@items","userDefined":true,"alias":"what","text":"Humanoid Control Potion"}],"isTemplate":false,"count":0,"id":"6f9054fb-45cc-4347-b145-e6a9ec9c122c","updated":0},{"data":[{"userDefined":false,"text":"ask "},{"meta":"@sys.given-name","userDefined":false,"alias":"whom","text":"Bob"},{"userDefined":false,"text":" to use "},{"meta":"@items","userDefined":true,"alias":"what","text":"Humanoid Control Potion"}],"isTemplate":false,"count":0,"id":"49d7e77a-a9cd-437c-b9c8-7087899da242","updated":0},{"data":[{"userDefined":false,"text":"equip "},{"meta":"@sys.given-name","userDefined":false,"alias":"whom","text":"Bob"}],"isTemplate":false,"count":0,"id":"fb20db6b-c259-4985-9953-8335db184800","updated":0}]