[{"data":[{"userDefined":false,"text":"equip"}],"isTemplate":false,"count":0,"id":"194810a3-5fa4-4b46-803e-d0e813c9fb8c","updated":0},{"data":[{"userDefined":false,"text":"equip "},{"meta":"@items","userDefined":true,"alias":"what","text":"Humanoid Control Potion"}],"isTemplate":false,"count":0,"id":"596a6b12-3ace-4254-af8f-c2041474d7ce","updated":0},{"data":[{"userDefined":false,"text":"give "},{"meta":"@items","userDefined":true,"alias":"what","text":"Humanoid Control Potion"}],"isTemplate":false,"count":0,"id":"921d1a35-5e6c-42f1-8517-c79edf63ee32","updated":0},{"data":[{"userDefined":false,"text":"wear "},{"meta":"@items","userDefined":true,"alias":"what","text":"Humanoid Control Potion"}],"isTemplate":false,"count":0,"id":"6e77c2c4-7d6b-430e-92cd-e6ab73a6fd25","updated":0},{"data":[{"userDefined":false,"text":"wield "},{"meta":"@items","userDefined":true,"alias":"what","text":"Humanoid Control Potion"}],"isTemplate":false,"count":0,"id":"3b9f63fe-249b-443f-b472-1cfeeed22d97","updated":0},{"data":[{"userDefined":false,"text":"use "},{"meta":"@items","userDefined":true,"alias":"what","text":"Humanoid Control Potion"}],"isTemplate":false,"count":0,"id":"4e6365f4-1772-4489-b65e-6afe575ddb54","updated":0},{"data":[{"userDefined":false,"text":"put on "},{"meta":"@items","userDefined":true,"alias":"what","text":"Humanoid Control Potion"}],"isTemplate":false,"count":0,"id":"c9143e3e-681e-4a2a-8386-33ca86d83fa0","updated":0},{"data":[{"userDefined":false,"text":"equip "},{"meta":"@sys.given-name","userDefined":false,"alias":"whom","text":"Bob"},{"userDefined":false,"text":" with "},{"meta":"@items","userDefined":true,"alias":"what","text":"Humanoid Control Potion"}],"isTemplate":false,"count":0,"id":"92a0aab1-2f55-4bb3-a452-f3b189a1b006","updated":0},{"data":[{"userDefined":false,"text":"give "},{"meta":"@items","userDefined":true,"alias":"what","text":"Humanoid Control Potion"},{"userDefined":false,"text":" to "},{"meta":"@sys.given-name","userDefined":false,"alias":"whom","text":"Bob"}],"isTemplate":false,"count":0,"id":"5e0f808b-c40a-4830-99c1-6b937d196bef","updated":0},{"data":[{"userDefined":false,"text":"ask "},{"meta":"@sys.given-name","userDefined":false,"alias":"whom","text":"Bob"},{"userDefined":false,"text":" to wear "},{"meta":"@items","userDefined":true,"alias":"what","text":"Humanoid Control Potion"}],"isTemplate":false,"count":0,"id":"834e922e-1371-4bfe-9d20-80a4d02ea10e","updated":0},{"data":[{"userDefined":false,"text":"ask "},{"meta":"@sys.given-name","userDefined":false,"alias":"whom","text":"Bob"},{"userDefined":false,"text":" to wield "},{"meta":"@items","userDefined":true,"alias":"what","text":"Humanoid Control Potion"}],"isTemplate":false,"count":0,"id":"ddd05f3d-9a47-4e2a-b141-be3bcd8ae3eb","updated":0},{"data":[{"userDefined":false,"text":"ask "},{"meta":"@sys.given-name","userDefined":false,"alias":"whom","text":"Bob"},{"userDefined":false,"text":" to use "},{"meta":"@items","userDefined":true,"alias":"what","text":"Humanoid Control Potion"}],"isTemplate":false,"count":0,"id":"134f5388-c2cc-4177-b4c8-a0988d12ccb3","updated":0},{"data":[{"userDefined":false,"text":"equip "},{"meta":"@sys.given-name","userDefined":false,"alias":"whom","text":"Bob"}],"isTemplate":false,"count":0,"id":"105ae1c2-7c3f-47ec-9926-dd8661a92e56","updated":0}]