[{"data":[{"userDefined":false,"text":"equip"}],"isTemplate":false,"count":0,"id":"fee4821b-990a-457e-a310-fdd5bfce44e4","updated":0},{"data":[{"userDefined":false,"text":"equip "},{"meta":"@items","userDefined":true,"alias":"what","text":"Humanoid Control Potion"}],"isTemplate":false,"count":0,"id":"f3bf8176-40d7-47c6-b359-39d722f1ba2a","updated":0},{"data":[{"userDefined":false,"text":"give "},{"meta":"@items","userDefined":true,"alias":"what","text":"Humanoid Control Potion"}],"isTemplate":false,"count":0,"id":"9e307540-835a-4bf9-a2c9-26fe1d8ea783","updated":0},{"data":[{"userDefined":false,"text":"wear "},{"meta":"@items","userDefined":true,"alias":"what","text":"Humanoid Control Potion"}],"isTemplate":false,"count":0,"id":"6c880442-e92f-47be-9b96-575e8101db67","updated":0},{"data":[{"userDefined":false,"text":"wield "},{"meta":"@items","userDefined":true,"alias":"what","text":"Humanoid Control Potion"}],"isTemplate":false,"count":0,"id":"72c67565-5159-42ab-b4b7-1eeb6ac80fa7","updated":0},{"data":[{"userDefined":false,"text":"use "},{"meta":"@items","userDefined":true,"alias":"what","text":"Humanoid Control Potion"}],"isTemplate":false,"count":0,"id":"334a5fdf-ffa5-4a99-902a-e18f7aad96e3","updated":0},{"data":[{"userDefined":false,"text":"put on "},{"meta":"@items","userDefined":true,"alias":"what","text":"Humanoid Control Potion"}],"isTemplate":false,"count":0,"id":"369bb4f5-4ceb-4ad6-8d72-00f1c395e862","updated":0},{"data":[{"userDefined":false,"text":"equip "},{"meta":"@sys.given-name","userDefined":false,"alias":"whom","text":"Bob"},{"userDefined":false,"text":" with "},{"meta":"@items","userDefined":true,"alias":"what","text":"Humanoid Control Potion"}],"isTemplate":false,"count":0,"id":"f4d83b00-2016-46fb-bd31-ba6c2b8df097","updated":0},{"data":[{"userDefined":false,"text":"give "},{"meta":"@items","userDefined":true,"alias":"what","text":"Humanoid Control Potion"},{"userDefined":false,"text":" to "},{"meta":"@sys.given-name","userDefined":false,"alias":"whom","text":"Bob"}],"isTemplate":false,"count":0,"id":"cf9d63a1-65eb-472a-bc97-a533fdc752e7","updated":0},{"data":[{"userDefined":false,"text":"ask "},{"meta":"@sys.given-name","userDefined":false,"alias":"whom","text":"Bob"},{"userDefined":false,"text":" to wear "},{"meta":"@items","userDefined":true,"alias":"what","text":"Humanoid Control Potion"}],"isTemplate":false,"count":0,"id":"83399aba-4e7b-42e0-9ca3-e9b12b3a0554","updated":0},{"data":[{"userDefined":false,"text":"ask "},{"meta":"@sys.given-name","userDefined":false,"alias":"whom","text":"Bob"},{"userDefined":false,"text":" to wield "},{"meta":"@items","userDefined":true,"alias":"what","text":"Humanoid Control Potion"}],"isTemplate":false,"count":0,"id":"638c0e2a-116a-47e7-bedf-c6e6596357ce","updated":0},{"data":[{"userDefined":false,"text":"ask "},{"meta":"@sys.given-name","userDefined":false,"alias":"whom","text":"Bob"},{"userDefined":false,"text":" to use "},{"meta":"@items","userDefined":true,"alias":"what","text":"Humanoid Control Potion"}],"isTemplate":false,"count":0,"id":"49795b79-e594-4a02-bfe8-f13ad340ce1e","updated":0},{"data":[{"userDefined":false,"text":"equip "},{"meta":"@sys.given-name","userDefined":false,"alias":"whom","text":"Bob"}],"isTemplate":false,"count":0,"id":"fe887972-591f-4e26-b4c6-369fdaccdfb8","updated":0}]