[{"data":[{"userDefined":false,"text":"equip"}],"isTemplate":false,"count":0,"id":"5ca5c95e-0e54-4ffe-9c37-f5abf9544f18","updated":0},{"data":[{"userDefined":false,"text":"equip "},{"meta":"@items","userDefined":true,"alias":"what","text":"Humanoid Control Potion"}],"isTemplate":false,"count":0,"id":"b1048da3-26e0-43a5-9d49-f4631157f363","updated":0},{"data":[{"userDefined":false,"text":"give "},{"meta":"@items","userDefined":true,"alias":"what","text":"Humanoid Control Potion"}],"isTemplate":false,"count":0,"id":"1a0cf5ac-5c9b-46dd-8ae0-032c2ccadd2a","updated":0},{"data":[{"userDefined":false,"text":"wear "},{"meta":"@items","userDefined":true,"alias":"what","text":"Humanoid Control Potion"}],"isTemplate":false,"count":0,"id":"19346933-4aaf-4105-8d87-c838b20663c1","updated":0},{"data":[{"userDefined":false,"text":"wield "},{"meta":"@items","userDefined":true,"alias":"what","text":"Humanoid Control Potion"}],"isTemplate":false,"count":0,"id":"195b8d51-08dc-4501-8691-d156da571806","updated":0},{"data":[{"userDefined":false,"text":"use "},{"meta":"@items","userDefined":true,"alias":"what","text":"Humanoid Control Potion"}],"isTemplate":false,"count":0,"id":"6488e717-96a4-442f-a6d7-da961f3b3369","updated":0},{"data":[{"userDefined":false,"text":"put on "},{"meta":"@items","userDefined":true,"alias":"what","text":"Humanoid Control Potion"}],"isTemplate":false,"count":0,"id":"15ef12b5-0a5c-4447-aa8b-2db3f9917546","updated":0},{"data":[{"userDefined":false,"text":"equip "},{"meta":"@sys.given-name","userDefined":false,"alias":"whom","text":"Bob"},{"userDefined":false,"text":" with "},{"meta":"@items","userDefined":true,"alias":"what","text":"Humanoid Control Potion"}],"isTemplate":false,"count":0,"id":"daa90daf-0066-47c8-88dc-4db528b4309f","updated":0},{"data":[{"userDefined":false,"text":"give "},{"meta":"@items","userDefined":true,"alias":"what","text":"Humanoid Control Potion"},{"userDefined":false,"text":" to "},{"meta":"@sys.given-name","userDefined":false,"alias":"whom","text":"Bob"}],"isTemplate":false,"count":0,"id":"9f91e0c6-ab28-44d1-9382-ec32efcf50fe","updated":0},{"data":[{"userDefined":false,"text":"ask "},{"meta":"@sys.given-name","userDefined":false,"alias":"whom","text":"Bob"},{"userDefined":false,"text":" to wear "},{"meta":"@items","userDefined":true,"alias":"what","text":"Humanoid Control Potion"}],"isTemplate":false,"count":0,"id":"672f60d3-95f6-40ea-bc92-aaea20fb5642","updated":0},{"data":[{"userDefined":false,"text":"ask "},{"meta":"@sys.given-name","userDefined":false,"alias":"whom","text":"Bob"},{"userDefined":false,"text":" to wield "},{"meta":"@items","userDefined":true,"alias":"what","text":"Humanoid Control Potion"}],"isTemplate":false,"count":0,"id":"39952c84-0bcd-490f-b7d3-db1d5dd71b54","updated":0},{"data":[{"userDefined":false,"text":"ask "},{"meta":"@sys.given-name","userDefined":false,"alias":"whom","text":"Bob"},{"userDefined":false,"text":" to use "},{"meta":"@items","userDefined":true,"alias":"what","text":"Humanoid Control Potion"}],"isTemplate":false,"count":0,"id":"bce18ad5-36cc-4e56-91a9-05dbd97f9747","updated":0},{"data":[{"userDefined":false,"text":"equip "},{"meta":"@sys.given-name","userDefined":false,"alias":"whom","text":"Bob"}],"isTemplate":false,"count":0,"id":"888401d7-d7b3-4f9d-a53b-2e5b083134f8","updated":0}]