[{"data":[{"userDefined":false,"text":"equip"}],"isTemplate":false,"count":0,"id":"2eb56d21-627e-4e05-a3c2-203fee6e51e2","updated":0},{"data":[{"userDefined":false,"text":"equip "},{"meta":"@items","userDefined":true,"alias":"what","text":"Humanoid Control Potion"}],"isTemplate":false,"count":0,"id":"3674cc66-2fda-4309-9271-3687ab9991df","updated":0},{"data":[{"userDefined":false,"text":"give "},{"meta":"@items","userDefined":true,"alias":"what","text":"Humanoid Control Potion"}],"isTemplate":false,"count":0,"id":"9ab05a41-cfd7-4f3b-91b0-e696d1ba1cdb","updated":0},{"data":[{"userDefined":false,"text":"wear "},{"meta":"@items","userDefined":true,"alias":"what","text":"Humanoid Control Potion"}],"isTemplate":false,"count":0,"id":"823e31ba-a350-4629-bac7-fe4391a1ab46","updated":0},{"data":[{"userDefined":false,"text":"wield "},{"meta":"@items","userDefined":true,"alias":"what","text":"Humanoid Control Potion"}],"isTemplate":false,"count":0,"id":"f20a5aac-86df-4b2f-b01f-f2f6e19e590f","updated":0},{"data":[{"userDefined":false,"text":"use "},{"meta":"@items","userDefined":true,"alias":"what","text":"Humanoid Control Potion"}],"isTemplate":false,"count":0,"id":"59e62bff-7e52-47ce-b11e-e0ab27ff2a44","updated":0},{"data":[{"userDefined":false,"text":"put on "},{"meta":"@items","userDefined":true,"alias":"what","text":"Humanoid Control Potion"}],"isTemplate":false,"count":0,"id":"640ca221-56c9-4f1b-8af0-75dce90d372e","updated":0},{"data":[{"userDefined":false,"text":"equip "},{"meta":"@sys.given-name","userDefined":false,"alias":"whom","text":"Bob"},{"userDefined":false,"text":" with "},{"meta":"@items","userDefined":true,"alias":"what","text":"Humanoid Control Potion"}],"isTemplate":false,"count":0,"id":"99947fe5-6639-462e-bfb5-8f6195989509","updated":0},{"data":[{"userDefined":false,"text":"give "},{"meta":"@items","userDefined":true,"alias":"what","text":"Humanoid Control Potion"},{"userDefined":false,"text":" to "},{"meta":"@sys.given-name","userDefined":false,"alias":"whom","text":"Bob"}],"isTemplate":false,"count":0,"id":"79b9e323-697c-45f2-b60c-df63bf8e38fc","updated":0},{"data":[{"userDefined":false,"text":"ask "},{"meta":"@sys.given-name","userDefined":false,"alias":"whom","text":"Bob"},{"userDefined":false,"text":" to wear "},{"meta":"@items","userDefined":true,"alias":"what","text":"Humanoid Control Potion"}],"isTemplate":false,"count":0,"id":"26b65eaa-91dc-498c-9f2e-91deeab6866c","updated":0},{"data":[{"userDefined":false,"text":"ask "},{"meta":"@sys.given-name","userDefined":false,"alias":"whom","text":"Bob"},{"userDefined":false,"text":" to wield "},{"meta":"@items","userDefined":true,"alias":"what","text":"Humanoid Control Potion"}],"isTemplate":false,"count":0,"id":"db6385e4-65a3-47b4-8744-89f8235f2d9a","updated":0},{"data":[{"userDefined":false,"text":"ask "},{"meta":"@sys.given-name","userDefined":false,"alias":"whom","text":"Bob"},{"userDefined":false,"text":" to use "},{"meta":"@items","userDefined":true,"alias":"what","text":"Humanoid Control Potion"}],"isTemplate":false,"count":0,"id":"447401d9-6d49-45f1-9e08-c781b6544d91","updated":0},{"data":[{"userDefined":false,"text":"equip "},{"meta":"@sys.given-name","userDefined":false,"alias":"whom","text":"Bob"}],"isTemplate":false,"count":0,"id":"d1aaed65-9d65-4013-9162-f20a5970535d","updated":0}]