[{"data":[{"userDefined":false,"text":"fight"}],"isTemplate":false,"count":0,"id":"4788be84-2738-445b-b9d4-44b17f67400c","updated":0},{"data":[{"userDefined":false,"text":"attack"}],"isTemplate":false,"count":0,"id":"8894f7ee-3f75-4ae1-a5de-823ac52edc07","updated":0},{"data":[{"userDefined":false,"text":"combat"}],"isTemplate":false,"count":0,"id":"bab347a2-8589-4c16-9147-61ce071acab3","updated":0},{"data":[{"userDefined":false,"text":"ready"}],"isTemplate":false,"count":0,"id":"e46e8be3-d00d-4136-9bbd-30125655f89a","updated":0}]