[{"data":[{"userDefined":false,"text":"fight"}],"isTemplate":false,"count":0,"id":"68ee545b-8729-4c12-abfb-c6f37d93a115","updated":0},{"data":[{"userDefined":false,"text":"attack"}],"isTemplate":false,"count":0,"id":"2c5d8f58-dc5f-488d-bac2-4c3c51e29cc0","updated":0},{"data":[{"userDefined":false,"text":"combat"}],"isTemplate":false,"count":0,"id":"cf884841-1069-4a12-9d69-9ec5d75c6a8f","updated":0},{"data":[{"userDefined":false,"text":"ready"}],"isTemplate":false,"count":0,"id":"4d0882a9-4c9f-4b6e-afcc-51b04d9071ea","updated":0}]