[{"data":[{"userDefined":false,"text":"fight"}],"isTemplate":false,"count":0,"id":"a04da3db-28ce-466a-a21b-12fa9560f80b","updated":0},{"data":[{"userDefined":false,"text":"attack"}],"isTemplate":false,"count":0,"id":"c99cf39f-3e36-4e0a-8266-ebf36308ec64","updated":0},{"data":[{"userDefined":false,"text":"combat"}],"isTemplate":false,"count":0,"id":"a87dc1be-3f7a-48cd-812a-1932bce81eaf","updated":0},{"data":[{"userDefined":false,"text":"ready"}],"isTemplate":false,"count":0,"id":"2d8fafb6-e603-4a24-8b9d-c3c63d1d8e7b","updated":0}]