[{"data":[{"userDefined":false,"text":"fight"}],"isTemplate":false,"count":0,"id":"bfc763e3-23d9-43af-99d3-975933a442ec","updated":0},{"data":[{"userDefined":false,"text":"attack"}],"isTemplate":false,"count":0,"id":"47586fde-40c4-4c1a-9b62-0bf175672872","updated":0},{"data":[{"userDefined":false,"text":"combat"}],"isTemplate":false,"count":0,"id":"22074dfb-b6ad-4b02-b1d6-502a6dfde5e1","updated":0},{"data":[{"userDefined":false,"text":"ready"}],"isTemplate":false,"count":0,"id":"0cb0f111-b009-4645-b529-62b27a5491bf","updated":0}]