[{"data":[{"userDefined":false,"text":"fight"}],"isTemplate":false,"count":0,"id":"c0079a48-b7e7-4533-90f1-6bb0ceee3643","updated":0},{"data":[{"userDefined":false,"text":"attack"}],"isTemplate":false,"count":0,"id":"c3ef8247-1985-4655-bd6b-1222952fa886","updated":0},{"data":[{"userDefined":false,"text":"combat"}],"isTemplate":false,"count":0,"id":"b991de2f-69fa-4eea-a839-1e7b12ab0081","updated":0},{"data":[{"userDefined":false,"text":"ready"}],"isTemplate":false,"count":0,"id":"1ce99e19-f560-4462-9174-976b68baffd3","updated":0}]