[{"data":[{"userDefined":false,"text":"fight"}],"isTemplate":false,"count":0,"id":"e1826c7e-98d5-48e4-b38a-8082e2016791","updated":0},{"data":[{"userDefined":false,"text":"attack"}],"isTemplate":false,"count":0,"id":"725812f1-e784-4082-a36f-3318d83f4c27","updated":0},{"data":[{"userDefined":false,"text":"combat"}],"isTemplate":false,"count":0,"id":"1f1cfc85-26e2-405b-9c52-54251ccdd33a","updated":0},{"data":[{"userDefined":false,"text":"ready"}],"isTemplate":false,"count":0,"id":"5a671efe-df5a-44c8-ab8a-bfad4b6794dc","updated":0}]