[{"data":[{"userDefined":false,"text":"fire "},{"meta":"@sys.given-name","userDefined":false,"alias":"whom","text":"Bob"}],"isTemplate":false,"count":0,"id":"5bced875-8f53-44ae-bc4f-a997464135f7","updated":0},{"data":[{"userDefined":false,"text":"release "},{"meta":"@sys.given-name","userDefined":false,"alias":"whom","text":"Bob"}],"isTemplate":false,"count":0,"id":"e754aef8-9756-4f7d-9653-b2cc9bc445d7","updated":0},{"data":[{"userDefined":false,"text":"say goodbye to "},{"meta":"@sys.given-name","userDefined":false,"alias":"whom","text":"Bob"}],"isTemplate":false,"count":0,"id":"4917de87-bfa1-435a-b9b3-518cdaa3ae8a","updated":0},{"data":[{"userDefined":false,"text":"part ways with "},{"meta":"@sys.given-name","userDefined":false,"alias":"whom","text":"Bob"}],"isTemplate":false,"count":0,"id":"afe46089-2e59-42bc-9890-b1021ae9d8c7","updated":0},{"data":[{"userDefined":false,"text":"let "},{"meta":"@sys.given-name","userDefined":false,"alias":"whom","text":"Bob"},{"userDefined":false,"text":" go"}],"isTemplate":false,"count":0,"id":"26db1686-0035-4029-badc-45de6da0d1ed","updated":0}]