[{"data":[{"userDefined":false,"text":"fire "},{"meta":"@sys.given-name","userDefined":false,"alias":"whom","text":"Bob"}],"isTemplate":false,"count":0,"id":"da47ff9d-84e6-4a2d-94e8-aeced9e054ae","updated":0},{"data":[{"userDefined":false,"text":"release "},{"meta":"@sys.given-name","userDefined":false,"alias":"whom","text":"Bob"}],"isTemplate":false,"count":0,"id":"bffe319b-3f88-40b7-81d1-5b72b84d5fc3","updated":0},{"data":[{"userDefined":false,"text":"say goodbye to "},{"meta":"@sys.given-name","userDefined":false,"alias":"whom","text":"Bob"}],"isTemplate":false,"count":0,"id":"d5eb19fe-f010-4a8a-93bc-bf1a1fecd564","updated":0},{"data":[{"userDefined":false,"text":"part ways with "},{"meta":"@sys.given-name","userDefined":false,"alias":"whom","text":"Bob"}],"isTemplate":false,"count":0,"id":"26d7e03e-2630-4b68-9cbf-f4113281b3f8","updated":0},{"data":[{"userDefined":false,"text":"let "},{"meta":"@sys.given-name","userDefined":false,"alias":"whom","text":"Bob"},{"userDefined":false,"text":" go"}],"isTemplate":false,"count":0,"id":"fa5ffe51-2167-4764-8097-fc8035a248fd","updated":0}]