[{"data":[{"userDefined":false,"text":"fire "},{"meta":"@sys.given-name","userDefined":false,"alias":"whom","text":"Bob"}],"isTemplate":false,"count":0,"id":"026662dc-bc67-4a78-97f6-f4eaaec415cf","updated":0},{"data":[{"userDefined":false,"text":"release "},{"meta":"@sys.given-name","userDefined":false,"alias":"whom","text":"Bob"}],"isTemplate":false,"count":0,"id":"99aaa5ae-4e84-4f51-ba97-a73762eaf904","updated":0},{"data":[{"userDefined":false,"text":"say goodbye to "},{"meta":"@sys.given-name","userDefined":false,"alias":"whom","text":"Bob"}],"isTemplate":false,"count":0,"id":"ad1b58f9-bdc0-4eb0-89c4-026072576b91","updated":0},{"data":[{"userDefined":false,"text":"part ways with "},{"meta":"@sys.given-name","userDefined":false,"alias":"whom","text":"Bob"}],"isTemplate":false,"count":0,"id":"9cf4afe6-2aef-44d5-84e5-a6fb11ab2b44","updated":0},{"data":[{"userDefined":false,"text":"let "},{"meta":"@sys.given-name","userDefined":false,"alias":"whom","text":"Bob"},{"userDefined":false,"text":" go"}],"isTemplate":false,"count":0,"id":"d0755262-a75f-41b9-9beb-29eea4bd2c95","updated":0}]