[{"data":[{"userDefined":false,"text":"fire "},{"meta":"@sys.given-name","userDefined":false,"alias":"whom","text":"Bob"}],"isTemplate":false,"count":0,"id":"a172db31-3ac8-48ed-ba77-73c43bc29a81","updated":0},{"data":[{"userDefined":false,"text":"release "},{"meta":"@sys.given-name","userDefined":false,"alias":"whom","text":"Bob"}],"isTemplate":false,"count":0,"id":"d79a440b-de95-4805-8ccc-02d1d8680c1a","updated":0},{"data":[{"userDefined":false,"text":"say goodbye to "},{"meta":"@sys.given-name","userDefined":false,"alias":"whom","text":"Bob"}],"isTemplate":false,"count":0,"id":"42aad218-7c07-48c7-a6e0-2726cede8b42","updated":0},{"data":[{"userDefined":false,"text":"part ways with "},{"meta":"@sys.given-name","userDefined":false,"alias":"whom","text":"Bob"}],"isTemplate":false,"count":0,"id":"6c590556-0ccf-4365-b74d-049b474b31ea","updated":0},{"data":[{"userDefined":false,"text":"let "},{"meta":"@sys.given-name","userDefined":false,"alias":"whom","text":"Bob"},{"userDefined":false,"text":" go"}],"isTemplate":false,"count":0,"id":"89deea2d-f4ff-4224-b205-136c8e56a76c","updated":0}]