[{"data":[{"userDefined":false,"text":"fire "},{"meta":"@sys.given-name","userDefined":false,"alias":"whom","text":"Bob"}],"isTemplate":false,"count":0,"id":"d43639f7-3e29-4df1-b952-c7ea8b14a978","updated":0},{"data":[{"userDefined":false,"text":"release "},{"meta":"@sys.given-name","userDefined":false,"alias":"whom","text":"Bob"}],"isTemplate":false,"count":0,"id":"e6e1f687-50c4-45e3-b30c-02fc6a4629c7","updated":0},{"data":[{"userDefined":false,"text":"say goodbye to "},{"meta":"@sys.given-name","userDefined":false,"alias":"whom","text":"Bob"}],"isTemplate":false,"count":0,"id":"04662e0a-8939-471c-b69e-6721772d7c10","updated":0},{"data":[{"userDefined":false,"text":"part ways with "},{"meta":"@sys.given-name","userDefined":false,"alias":"whom","text":"Bob"}],"isTemplate":false,"count":0,"id":"149c5791-430f-4a00-bfa4-da16ce376e2f","updated":0},{"data":[{"userDefined":false,"text":"let "},{"meta":"@sys.given-name","userDefined":false,"alias":"whom","text":"Bob"},{"userDefined":false,"text":" go"}],"isTemplate":false,"count":0,"id":"8c4cc07c-71be-46c3-be1a-94b4a2154eff","updated":0}]