[{"data":[{"userDefined":false,"text":"hire "},{"meta":"@sys.given-name","userDefined":false,"alias":"whom","text":"Bob"}],"isTemplate":false,"count":0,"id":"2113c292-80d8-46f4-b0b5-f8d20d481641","updated":0},{"data":[{"userDefined":false,"text":"higher "},{"meta":"@sys.given-name","userDefined":false,"alias":"whom","text":"Bob"}],"isTemplate":false,"count":0,"id":"db468995-77f7-42e1-9a46-90aa18bcf614","updated":0},{"data":[{"userDefined":false,"text":"recruit "},{"meta":"@sys.given-name","userDefined":false,"alias":"whom","text":"Bob"}],"isTemplate":false,"count":0,"id":"b7d20362-93bb-4801-8f26-8080c01a5e31","updated":0},{"data":[{"userDefined":false,"text":"select "},{"meta":"@sys.given-name","userDefined":false,"alias":"whom","text":"Bob"}],"isTemplate":false,"count":0,"id":"bf468970-4d01-4874-b7d0-64821be20014","updated":0}]