[{"data":[{"userDefined":false,"text":"hire "},{"meta":"@sys.given-name","userDefined":false,"alias":"whom","text":"Bob"}],"isTemplate":false,"count":0,"id":"22724e65-35b6-41c9-a6dc-18684aee2cca","updated":0},{"data":[{"userDefined":false,"text":"higher "},{"meta":"@sys.given-name","userDefined":false,"alias":"whom","text":"Bob"}],"isTemplate":false,"count":0,"id":"68fa7f62-9185-471b-9e37-33b284d07312","updated":0},{"data":[{"userDefined":false,"text":"recruit "},{"meta":"@sys.given-name","userDefined":false,"alias":"whom","text":"Bob"}],"isTemplate":false,"count":0,"id":"460f413c-01a8-4062-9ef3-1b2af424e1fb","updated":0},{"data":[{"userDefined":false,"text":"select "},{"meta":"@sys.given-name","userDefined":false,"alias":"whom","text":"Bob"}],"isTemplate":false,"count":0,"id":"0388f06e-6437-4b71-82f5-912b911a00c3","updated":0}]