[{"data":[{"userDefined":false,"text":"hire "},{"meta":"@sys.given-name","userDefined":false,"alias":"whom","text":"Bob"}],"isTemplate":false,"count":0,"id":"5e686e11-33d7-4ca4-93e4-8b3a3800f401","updated":0},{"data":[{"userDefined":false,"text":"higher "},{"meta":"@sys.given-name","userDefined":false,"alias":"whom","text":"Bob"}],"isTemplate":false,"count":0,"id":"e055dcfb-2add-4522-ba0f-3fb4165507cf","updated":0},{"data":[{"userDefined":false,"text":"recruit "},{"meta":"@sys.given-name","userDefined":false,"alias":"whom","text":"Bob"}],"isTemplate":false,"count":0,"id":"bb41ee1f-24e7-48ec-8bed-4a4157446097","updated":0},{"data":[{"userDefined":false,"text":"select "},{"meta":"@sys.given-name","userDefined":false,"alias":"whom","text":"Bob"}],"isTemplate":false,"count":0,"id":"2150e3d5-547b-4582-b6d4-354748f4edea","updated":0}]