[{"data":[{"userDefined":false,"text":"hire "},{"meta":"@sys.given-name","userDefined":false,"alias":"whom","text":"Bob"}],"isTemplate":false,"count":0,"id":"e7b16c9f-ba0f-418a-8cae-a2ef2792f66d","updated":0},{"data":[{"userDefined":false,"text":"higher "},{"meta":"@sys.given-name","userDefined":false,"alias":"whom","text":"Bob"}],"isTemplate":false,"count":0,"id":"35ea29c7-70d5-4c7f-8e2d-e4a37d2a801d","updated":0},{"data":[{"userDefined":false,"text":"recruit "},{"meta":"@sys.given-name","userDefined":false,"alias":"whom","text":"Bob"}],"isTemplate":false,"count":0,"id":"fe2c53a4-1535-47a4-b1f0-1248ef3b0b33","updated":0},{"data":[{"userDefined":false,"text":"select "},{"meta":"@sys.given-name","userDefined":false,"alias":"whom","text":"Bob"}],"isTemplate":false,"count":0,"id":"89add248-3630-49ad-97b3-ba5631538095","updated":0}]