[{"data":[{"userDefined":false,"text":"hire "},{"meta":"@sys.given-name","userDefined":false,"alias":"whom","text":"Bob"}],"isTemplate":false,"count":0,"id":"4a0492c1-d8bc-43f9-b0ef-18522625792b","updated":0},{"data":[{"userDefined":false,"text":"higher "},{"meta":"@sys.given-name","userDefined":false,"alias":"whom","text":"Bob"}],"isTemplate":false,"count":0,"id":"9fd318a0-404c-4c08-abd2-2f43504d22ce","updated":0},{"data":[{"userDefined":false,"text":"recruit "},{"meta":"@sys.given-name","userDefined":false,"alias":"whom","text":"Bob"}],"isTemplate":false,"count":0,"id":"cc65c267-a81c-44dd-b145-3e8b7a0f1867","updated":0},{"data":[{"userDefined":false,"text":"select "},{"meta":"@sys.given-name","userDefined":false,"alias":"whom","text":"Bob"}],"isTemplate":false,"count":0,"id":"e3d6b7dd-a9a5-4f4b-b389-08ad30224992","updated":0}]