[{"data":[{"userDefined":false,"text":"inventory "},{"meta":"@sys.given-name","userDefined":false,"alias":"whom","text":"Bob"}],"isTemplate":false,"count":0,"id":"67a98193-1f26-41c6-bd7a-3eb17e9f341d","updated":0},{"data":[{"userDefined":false,"text":"inventory "},{"meta":"@types","userDefined":true,"alias":"type","text":"ammunition"}],"isTemplate":false,"count":0,"id":"51bddce2-a648-4968-850f-9b785449b006","updated":0},{"data":[{"userDefined":false,"text":"list my "},{"meta":"@types","userDefined":true,"alias":"type","text":"ammunition"}],"isTemplate":false,"count":0,"id":"2d8a6193-b3d5-4224-9be7-5b5e2141a205","updated":0},{"data":[{"userDefined":false,"text":"inventory"}],"isTemplate":false,"count":0,"id":"de78753d-74cf-436b-9a24-9baf22f21585","updated":0}]