[{"data":[{"userDefined":false,"text":"inventory "},{"meta":"@sys.given-name","userDefined":false,"alias":"whom","text":"Bob"}],"isTemplate":false,"count":0,"id":"51ca75ad-fd55-412e-abc5-ae8732af2489","updated":0},{"data":[{"userDefined":false,"text":"inventory "},{"meta":"@types","userDefined":true,"alias":"type","text":"ammunition"}],"isTemplate":false,"count":0,"id":"0c705ac1-d40e-4013-bdd8-0143464d45b1","updated":0},{"data":[{"userDefined":false,"text":"list my "},{"meta":"@types","userDefined":true,"alias":"type","text":"ammunition"}],"isTemplate":false,"count":0,"id":"6be8806b-eaa9-4647-b52d-8e66eee9d2a4","updated":0},{"data":[{"userDefined":false,"text":"inventory"}],"isTemplate":false,"count":0,"id":"6e808dda-e9a6-4cdf-8557-a4012b966392","updated":0}]