[{"data":[{"userDefined":false,"text":"inventory "},{"meta":"@sys.given-name","userDefined":false,"alias":"whom","text":"Bob"}],"isTemplate":false,"count":0,"id":"6cee47d2-bea4-4a55-8042-fdb911f6ae83","updated":0},{"data":[{"userDefined":false,"text":"inventory "},{"meta":"@types","userDefined":true,"alias":"type","text":"ammunition"}],"isTemplate":false,"count":0,"id":"6d574ad2-8f88-4aff-9ad7-877837b36320","updated":0},{"data":[{"userDefined":false,"text":"list my "},{"meta":"@types","userDefined":true,"alias":"type","text":"ammunition"}],"isTemplate":false,"count":0,"id":"c3e6e64b-50b4-48b0-aaaa-479d2cb695af","updated":0},{"data":[{"userDefined":false,"text":"inventory"}],"isTemplate":false,"count":0,"id":"06a53d5e-a2c5-48d7-b10c-a3763380ac46","updated":0}]