[{"data":[{"userDefined":false,"text":"inventory "},{"meta":"@sys.given-name","userDefined":false,"alias":"whom","text":"Bob"}],"isTemplate":false,"count":0,"id":"a832d141-b48b-4d3e-9808-940414361b9b","updated":0},{"data":[{"userDefined":false,"text":"inventory "},{"meta":"@types","userDefined":true,"alias":"type","text":"ammunition"}],"isTemplate":false,"count":0,"id":"220e4f99-ba6f-4815-81ca-b57b4d0556c9","updated":0},{"data":[{"userDefined":false,"text":"list my "},{"meta":"@types","userDefined":true,"alias":"type","text":"ammunition"}],"isTemplate":false,"count":0,"id":"be1ba9ba-8663-4798-b436-8bf779206570","updated":0},{"data":[{"userDefined":false,"text":"inventory"}],"isTemplate":false,"count":0,"id":"f8e94587-66a5-4ade-b779-e2115d2041bc","updated":0}]