[{"data":[{"userDefined":false,"text":"inventory "},{"meta":"@sys.given-name","userDefined":false,"alias":"whom","text":"Bob"}],"isTemplate":false,"count":0,"id":"8bf21f71-8d5a-4fd2-b682-0480a28a026c","updated":0},{"data":[{"userDefined":false,"text":"inventory "},{"meta":"@types","userDefined":true,"alias":"type","text":"ammunition"}],"isTemplate":false,"count":0,"id":"e03dbbdc-74d7-46e1-87a5-0a3f4cc4a9dd","updated":0},{"data":[{"userDefined":false,"text":"list my "},{"meta":"@types","userDefined":true,"alias":"type","text":"ammunition"}],"isTemplate":false,"count":0,"id":"b706ae47-9ab7-4d90-b2a9-25e9f51e6a5f","updated":0},{"data":[{"userDefined":false,"text":"inventory"}],"isTemplate":false,"count":0,"id":"e86ac11c-64c3-48b7-8941-424b1119023f","updated":0}]