[{"data":[{"userDefined":false,"text":"go "},{"meta":"@direction","userDefined":true,"alias":"dir","text":"east"}],"isTemplate":false,"count":0,"id":"0ba8c695-d8c4-464c-a935-3d58e88f2463","updated":0},{"data":[{"userDefined":false,"text":"move "},{"meta":"@direction","userDefined":true,"alias":"dir","text":"east"}],"isTemplate":false,"count":0,"id":"0273d18a-3181-4a5f-af40-8092258a2fdf","updated":0},{"data":[{"userDefined":false,"text":"run "},{"meta":"@direction","userDefined":true,"alias":"dir","text":"east"}],"isTemplate":false,"count":0,"id":"449671b4-ebca-4a2e-b412-c92f31de8207","updated":0},{"data":[{"userDefined":false,"text":"walk "},{"meta":"@direction","userDefined":true,"alias":"dir","text":"east"}],"isTemplate":false,"count":0,"id":"1817689c-a5a5-4a83-b2b0-d65da5267f11","updated":0},{"data":[{"userDefined":false,"text":"let's go "},{"meta":"@direction","userDefined":true,"alias":"dir","text":"east"}],"isTemplate":false,"count":0,"id":"76b2e033-e5ee-4f9b-a519-a7d8427d5561","updated":0},{"data":[{"userDefined":false,"text":"how about "},{"meta":"@direction","userDefined":true,"alias":"dir","text":"east"}],"isTemplate":false,"count":0,"id":"2143b96c-9669-48fa-817f-e467a7be8af2","updated":0},{"data":[{"userDefined":false,"text":"i want to go "},{"meta":"@direction","userDefined":true,"alias":"dir","text":"east"}],"isTemplate":false,"count":0,"id":"28ac6bd7-8d97-4888-818c-ec1bb82a1038","updated":0},{"data":[{"userDefined":false,"text":"runaway"}],"isTemplate":false,"count":0,"id":"fefbffbe-33e6-4e94-960c-b315d2c1dec2","updated":0},{"data":[{"userDefined":false,"text":"run away"}],"isTemplate":false,"count":0,"id":"eaf7cea5-1b8c-41ec-b1c0-5b620a34513d","updated":0}]