[{"data":[{"userDefined":false,"text":"go "},{"meta":"@direction","userDefined":true,"alias":"dir","text":"east"}],"isTemplate":false,"count":0,"id":"938702ed-88ee-47d2-bcfa-285c0b321f95","updated":0},{"data":[{"userDefined":false,"text":"move "},{"meta":"@direction","userDefined":true,"alias":"dir","text":"east"}],"isTemplate":false,"count":0,"id":"6d6c4183-df31-492f-9645-a51188152cd6","updated":0},{"data":[{"userDefined":false,"text":"run "},{"meta":"@direction","userDefined":true,"alias":"dir","text":"east"}],"isTemplate":false,"count":0,"id":"bc1e17c3-bda0-4adc-9050-e39caa50dc55","updated":0},{"data":[{"userDefined":false,"text":"walk "},{"meta":"@direction","userDefined":true,"alias":"dir","text":"east"}],"isTemplate":false,"count":0,"id":"873b2955-e86a-4282-b731-89f91db1bb5f","updated":0},{"data":[{"userDefined":false,"text":"let's go "},{"meta":"@direction","userDefined":true,"alias":"dir","text":"east"}],"isTemplate":false,"count":0,"id":"3a6b2790-2eac-4b29-8383-fe7b33060572","updated":0},{"data":[{"userDefined":false,"text":"how about "},{"meta":"@direction","userDefined":true,"alias":"dir","text":"east"}],"isTemplate":false,"count":0,"id":"8ad268e4-5492-42f8-8eac-d375c5492bb9","updated":0},{"data":[{"userDefined":false,"text":"i want to go "},{"meta":"@direction","userDefined":true,"alias":"dir","text":"east"}],"isTemplate":false,"count":0,"id":"f3b38c65-ec4a-48c8-9e21-5840f4557c33","updated":0},{"data":[{"userDefined":false,"text":"runaway"}],"isTemplate":false,"count":0,"id":"921d4d74-9d81-4c8a-81e2-3ef9f7f50c51","updated":0},{"data":[{"userDefined":false,"text":"run away"}],"isTemplate":false,"count":0,"id":"6b5bf64e-5987-43e9-9171-b08f6cb7a8ce","updated":0}]