[{"data":[{"userDefined":false,"text":"go "},{"meta":"@direction","userDefined":true,"alias":"dir","text":"east"}],"isTemplate":false,"count":0,"id":"9eaa8030-87e3-49af-89a7-84c19736498e","updated":0},{"data":[{"userDefined":false,"text":"move "},{"meta":"@direction","userDefined":true,"alias":"dir","text":"east"}],"isTemplate":false,"count":0,"id":"22be639f-6862-49f9-9fd9-ab1dcfe47e81","updated":0},{"data":[{"userDefined":false,"text":"run "},{"meta":"@direction","userDefined":true,"alias":"dir","text":"east"}],"isTemplate":false,"count":0,"id":"dee94d41-91b5-44f7-bb84-fe20cbb2991e","updated":0},{"data":[{"userDefined":false,"text":"walk "},{"meta":"@direction","userDefined":true,"alias":"dir","text":"east"}],"isTemplate":false,"count":0,"id":"1a6ae9cb-0c7d-418e-9e39-92084e2e5814","updated":0},{"data":[{"userDefined":false,"text":"let's go "},{"meta":"@direction","userDefined":true,"alias":"dir","text":"east"}],"isTemplate":false,"count":0,"id":"b0578c41-73f4-4742-a5de-f8491b4c3670","updated":0},{"data":[{"userDefined":false,"text":"how about "},{"meta":"@direction","userDefined":true,"alias":"dir","text":"east"}],"isTemplate":false,"count":0,"id":"787364f0-0ca0-42f7-ac6b-d272bf4b7599","updated":0},{"data":[{"userDefined":false,"text":"i want to go "},{"meta":"@direction","userDefined":true,"alias":"dir","text":"east"}],"isTemplate":false,"count":0,"id":"c1f496f3-ffbc-4d65-a403-b62db359f6e1","updated":0},{"data":[{"userDefined":false,"text":"runaway"}],"isTemplate":false,"count":0,"id":"11bb3ea0-fa32-404c-82f6-d07fd86a923a","updated":0},{"data":[{"userDefined":false,"text":"run away"}],"isTemplate":false,"count":0,"id":"b41ec834-a380-458a-be7d-85384c221074","updated":0}]