[{"data":[{"userDefined":false,"text":"go "},{"meta":"@direction","userDefined":true,"alias":"dir","text":"east"}],"isTemplate":false,"count":0,"id":"e2303d99-158b-4f9f-805b-8536add5f604","updated":0},{"data":[{"userDefined":false,"text":"move "},{"meta":"@direction","userDefined":true,"alias":"dir","text":"east"}],"isTemplate":false,"count":0,"id":"9aa82598-da5d-47fb-aeec-fc0d0e846baf","updated":0},{"data":[{"userDefined":false,"text":"run "},{"meta":"@direction","userDefined":true,"alias":"dir","text":"east"}],"isTemplate":false,"count":0,"id":"0fd02f15-8af2-4cb8-b17d-d19ead4974eb","updated":0},{"data":[{"userDefined":false,"text":"walk "},{"meta":"@direction","userDefined":true,"alias":"dir","text":"east"}],"isTemplate":false,"count":0,"id":"a0493360-8763-448b-b604-c3a4dc039073","updated":0},{"data":[{"userDefined":false,"text":"let's go "},{"meta":"@direction","userDefined":true,"alias":"dir","text":"east"}],"isTemplate":false,"count":0,"id":"5e0d29ff-88d0-4f02-94ac-aae28085fb9c","updated":0},{"data":[{"userDefined":false,"text":"how about "},{"meta":"@direction","userDefined":true,"alias":"dir","text":"east"}],"isTemplate":false,"count":0,"id":"313351c8-f0bb-4998-980c-d713304ff0de","updated":0},{"data":[{"userDefined":false,"text":"i want to go "},{"meta":"@direction","userDefined":true,"alias":"dir","text":"east"}],"isTemplate":false,"count":0,"id":"f3e48a43-0b22-4ada-a751-c2bf394359fa","updated":0},{"data":[{"userDefined":false,"text":"runaway"}],"isTemplate":false,"count":0,"id":"1467ae23-381b-42d7-9e93-99fff931791c","updated":0},{"data":[{"userDefined":false,"text":"run away"}],"isTemplate":false,"count":0,"id":"784eeb5b-0926-465d-abc7-f9b61b341cf2","updated":0}]