[{"data":[{"userDefined":false,"text":"go "},{"meta":"@direction","userDefined":true,"alias":"dir","text":"east"}],"isTemplate":false,"count":0,"id":"c7d940bf-dbbb-40c2-9037-84f1fea4d104","updated":0},{"data":[{"userDefined":false,"text":"move "},{"meta":"@direction","userDefined":true,"alias":"dir","text":"east"}],"isTemplate":false,"count":0,"id":"ce07138a-276b-478a-a753-d2cd0e668838","updated":0},{"data":[{"userDefined":false,"text":"run "},{"meta":"@direction","userDefined":true,"alias":"dir","text":"east"}],"isTemplate":false,"count":0,"id":"be84d6d2-ad3b-426c-acc5-ec5a468967b5","updated":0},{"data":[{"userDefined":false,"text":"walk "},{"meta":"@direction","userDefined":true,"alias":"dir","text":"east"}],"isTemplate":false,"count":0,"id":"cde2b96a-9ba1-4f79-8975-37575b53398c","updated":0},{"data":[{"userDefined":false,"text":"let's go "},{"meta":"@direction","userDefined":true,"alias":"dir","text":"east"}],"isTemplate":false,"count":0,"id":"9a1e8f85-300a-4a74-91e0-20c5e8301399","updated":0},{"data":[{"userDefined":false,"text":"how about "},{"meta":"@direction","userDefined":true,"alias":"dir","text":"east"}],"isTemplate":false,"count":0,"id":"df02df96-f608-4f3a-b7ea-f4c3d9110a21","updated":0},{"data":[{"userDefined":false,"text":"i want to go "},{"meta":"@direction","userDefined":true,"alias":"dir","text":"east"}],"isTemplate":false,"count":0,"id":"11675136-ce68-4cdf-aa71-0d59a20fef0e","updated":0},{"data":[{"userDefined":false,"text":"runaway"}],"isTemplate":false,"count":0,"id":"5567434a-6bfe-46ab-8a99-13f13535e55e","updated":0},{"data":[{"userDefined":false,"text":"run away"}],"isTemplate":false,"count":0,"id":"ef14a911-3d40-487a-b3a9-b492447dc065","updated":0}]