[{"data":[{"userDefined":false,"text":"news"}],"isTemplate":false,"count":0,"id":"a53c011d-12ea-4f39-9254-6e596fa46c38","updated":0},{"data":[{"userDefined":false,"text":"new features"}],"isTemplate":false,"count":0,"id":"25436a72-cad4-4b03-83c3-010367ddea01","updated":0},{"data":[{"userDefined":false,"text":"updates"}],"isTemplate":false,"count":0,"id":"e1032b77-4187-4cc7-a23a-a30a26dbd403","updated":0},{"data":[{"userDefined":false,"text":"today's news"}],"isTemplate":false,"count":0,"id":"c659cfe7-a50b-4e6b-989d-d09c0529a35b","updated":0}]