[{"data":[{"userDefined":false,"text":"news"}],"isTemplate":false,"count":0,"id":"f3fbe5aa-0216-46da-9160-9b36250d916b","updated":0},{"data":[{"userDefined":false,"text":"new features"}],"isTemplate":false,"count":0,"id":"4f14ea58-da8a-443b-9b6a-90c97a6233c1","updated":0},{"data":[{"userDefined":false,"text":"updates"}],"isTemplate":false,"count":0,"id":"114b00e6-5e02-495a-9269-769752ed041f","updated":0},{"data":[{"userDefined":false,"text":"today's news"}],"isTemplate":false,"count":0,"id":"0df396b9-59a4-4e7b-a182-b993ec02724c","updated":0}]