[{"data":[{"userDefined":false,"text":"news"}],"isTemplate":false,"count":0,"id":"6afd8324-ab31-4ad8-bb2e-483c5b9b6ddd","updated":0},{"data":[{"userDefined":false,"text":"new features"}],"isTemplate":false,"count":0,"id":"c9df1610-e304-46fa-aa7f-84c3d5a17160","updated":0},{"data":[{"userDefined":false,"text":"updates"}],"isTemplate":false,"count":0,"id":"6f315e6b-4bc3-425d-bba3-c1c1edf105c9","updated":0},{"data":[{"userDefined":false,"text":"today's news"}],"isTemplate":false,"count":0,"id":"c02b0156-f705-4b8a-867a-ec20ac3bd2af","updated":0}]