[{"data":[{"userDefined":false,"text":"news"}],"isTemplate":false,"count":0,"id":"d91669fc-12c5-45f6-8c09-383614818ca4","updated":0},{"data":[{"userDefined":false,"text":"new features"}],"isTemplate":false,"count":0,"id":"054f7fa2-85e3-4909-8e6d-21f152980094","updated":0},{"data":[{"userDefined":false,"text":"updates"}],"isTemplate":false,"count":0,"id":"1acca79b-d583-4118-b1db-14eb8d79ce1f","updated":0},{"data":[{"userDefined":false,"text":"today's news"}],"isTemplate":false,"count":0,"id":"b1c26b77-295e-4704-958e-a0b8061d4a4e","updated":0}]