[{"data":[{"userDefined":false,"text":"news"}],"isTemplate":false,"count":0,"id":"6c977820-9c5d-4e47-98ea-f4771c5019fa","updated":0},{"data":[{"userDefined":false,"text":"new features"}],"isTemplate":false,"count":0,"id":"48fa2552-f3fb-4438-ab97-5c503b0b2eae","updated":0},{"data":[{"userDefined":false,"text":"updates"}],"isTemplate":false,"count":0,"id":"c954a372-b5c3-44df-b00d-fd4aa31f4bc6","updated":0},{"data":[{"userDefined":false,"text":"today's news"}],"isTemplate":false,"count":0,"id":"1c5aef01-7d4f-4209-a129-f1674816c454","updated":0}]