[{"data":[{"userDefined":false,"text":"news"}],"isTemplate":false,"count":0,"id":"0cf2fac9-0791-41e2-a609-543e756b1bd2","updated":0},{"data":[{"userDefined":false,"text":"new features"}],"isTemplate":false,"count":0,"id":"25b245b5-1adf-424c-818c-f99d30fa7734","updated":0},{"data":[{"userDefined":false,"text":"updates"}],"isTemplate":false,"count":0,"id":"8e12d52e-d1ca-46e8-b4f5-2e462afc4490","updated":0},{"data":[{"userDefined":false,"text":"today's news"}],"isTemplate":false,"count":0,"id":"7f7623d4-ab2b-4154-86ac-21304bf92f55","updated":0}]