[{"data":[{"userDefined":false,"text":"say again"}],"isTemplate":false,"count":0,"id":"6a94ea04-168a-485c-a238-e6ba28f8f251","updated":0},{"data":[{"userDefined":false,"text":"repeat"}],"isTemplate":false,"count":0,"id":"ca661543-f805-4aa0-8d4c-a0ff6df652d7","updated":0},{"data":[{"userDefined":false,"text":"say that again"}],"isTemplate":false,"count":0,"id":"86919bf5-4c55-445a-ae4b-88b83ac4bd86","updated":0},{"data":[{"userDefined":false,"text":"repeat that"}],"isTemplate":false,"count":0,"id":"b5d57ca2-2dc5-481f-b2dc-8c3dd839b437","updated":0}]