[{"data":[{"userDefined":false,"text":"say again"}],"isTemplate":false,"count":0,"id":"05f4df2c-08bc-4102-9b22-3f4234c55bb5","updated":0},{"data":[{"userDefined":false,"text":"repeat"}],"isTemplate":false,"count":0,"id":"3db7d67d-d9b5-41a2-b0ca-e259254064cc","updated":0},{"data":[{"userDefined":false,"text":"say that again"}],"isTemplate":false,"count":0,"id":"7b96588a-248d-497f-ba9e-ad65e68cf7b4","updated":0},{"data":[{"userDefined":false,"text":"repeat that"}],"isTemplate":false,"count":0,"id":"f3bd2ae0-ef97-43f9-a0f4-5f5dce6c25be","updated":0}]