[{"data":[{"userDefined":false,"text":"say again"}],"isTemplate":false,"count":0,"id":"38a9a203-feaa-4796-8cf7-0bfc637035fa","updated":0},{"data":[{"userDefined":false,"text":"repeat"}],"isTemplate":false,"count":0,"id":"9aa1ff01-1210-42e6-92d1-6f978922bb85","updated":0},{"data":[{"userDefined":false,"text":"say that again"}],"isTemplate":false,"count":0,"id":"49e7f5c5-6371-4c65-8bee-627709367088","updated":0},{"data":[{"userDefined":false,"text":"repeat that"}],"isTemplate":false,"count":0,"id":"3e160c21-fd42-436d-b177-8a5f6ccf8e16","updated":0}]