[{"data":[{"userDefined":false,"text":"say again"}],"isTemplate":false,"count":0,"id":"7c42a901-2041-428e-9aa0-3675cd96ccaf","updated":0},{"data":[{"userDefined":false,"text":"repeat"}],"isTemplate":false,"count":0,"id":"7576d34b-2fc2-477e-9540-f977b85d668f","updated":0},{"data":[{"userDefined":false,"text":"say that again"}],"isTemplate":false,"count":0,"id":"2363a290-6a42-42da-b90c-40a8465ebcb1","updated":0},{"data":[{"userDefined":false,"text":"repeat that"}],"isTemplate":false,"count":0,"id":"362b1da5-a9ea-4750-a6d7-613025d8108e","updated":0}]