[{"data":[{"userDefined":false,"text":"say again"}],"isTemplate":false,"count":0,"id":"152a51b4-f433-480e-9755-32fd139d77d0","updated":0},{"data":[{"userDefined":false,"text":"repeat"}],"isTemplate":false,"count":0,"id":"8d1ffe05-7423-4412-8108-c3350f332ef7","updated":0},{"data":[{"userDefined":false,"text":"say that again"}],"isTemplate":false,"count":0,"id":"6c808aca-2af2-46ac-9188-b5f4238bf2b6","updated":0},{"data":[{"userDefined":false,"text":"repeat that"}],"isTemplate":false,"count":0,"id":"dd6f0346-5e79-437f-9beb-9f6002c0c273","updated":0}]