[{"data":[{"userDefined":false,"text":"say again"}],"isTemplate":false,"count":0,"id":"a72d6c0a-874a-4b2a-a67e-cad7442b1da5","updated":0},{"data":[{"userDefined":false,"text":"repeat"}],"isTemplate":false,"count":0,"id":"f8f5ffef-5f49-463b-b3e5-65232023cdd3","updated":0},{"data":[{"userDefined":false,"text":"say that again"}],"isTemplate":false,"count":0,"id":"18acadd6-298e-4a38-96ad-06c6fb796bda","updated":0},{"data":[{"userDefined":false,"text":"repeat that"}],"isTemplate":false,"count":0,"id":"8ec90224-a4b0-4a45-bf55-37916f7c942d","updated":0}]