[{"data":[{"userDefined":false,"text":"sell "},{"meta":"@items","userDefined":true,"alias":"what","text":"Humanoid Control Potion"}],"isTemplate":false,"count":0,"id":"94c6e2b5-c28b-4b7a-b360-19ad1911a4b9","updated":0},{"data":[{"userDefined":false,"text":"sell my "},{"meta":"@items","userDefined":true,"alias":"what","text":"Humanoid Control Potion"}],"isTemplate":false,"count":0,"id":"c8ba7dc2-a817-40cc-a316-129556db3a4e","updated":0},{"data":[{"userDefined":false,"text":"drop "},{"meta":"@items","userDefined":true,"alias":"what","text":"Humanoid Control Potion"}],"isTemplate":false,"count":0,"id":"67e63b3e-7b7b-4a95-8a71-e9a2ce30b775","updated":0},{"data":[{"userDefined":false,"text":"drop the "},{"meta":"@items","userDefined":true,"alias":"what","text":"Humanoid Control Potion"}],"isTemplate":false,"count":0,"id":"8fb18e1c-89e1-4101-978a-e47aabcea643","updated":0}]