[{"data":[{"userDefined":false,"text":"sell "},{"meta":"@items","userDefined":true,"alias":"what","text":"Humanoid Control Potion"}],"isTemplate":false,"count":0,"id":"7d276a71-e6eb-48d8-9d86-748204715100","updated":0},{"data":[{"userDefined":false,"text":"sell my "},{"meta":"@items","userDefined":true,"alias":"what","text":"Humanoid Control Potion"}],"isTemplate":false,"count":0,"id":"fc84cd23-e08b-44b4-a69d-a2907298422e","updated":0},{"data":[{"userDefined":false,"text":"drop "},{"meta":"@items","userDefined":true,"alias":"what","text":"Humanoid Control Potion"}],"isTemplate":false,"count":0,"id":"8212c8b4-fc4d-458f-bc9d-b4554327ee0d","updated":0},{"data":[{"userDefined":false,"text":"drop the "},{"meta":"@items","userDefined":true,"alias":"what","text":"Humanoid Control Potion"}],"isTemplate":false,"count":0,"id":"130ac701-a6fd-467d-bfd6-f34b0f68d7cd","updated":0}]