[{"data":[{"userDefined":false,"text":"sell "},{"meta":"@items","userDefined":true,"alias":"what","text":"Humanoid Control Potion"}],"isTemplate":false,"count":0,"id":"24780ad9-54f5-4186-8829-2ea0e55e5385","updated":0},{"data":[{"userDefined":false,"text":"sell my "},{"meta":"@items","userDefined":true,"alias":"what","text":"Humanoid Control Potion"}],"isTemplate":false,"count":0,"id":"b5ba66db-8556-41d2-b282-4753bcbaacf0","updated":0},{"data":[{"userDefined":false,"text":"drop "},{"meta":"@items","userDefined":true,"alias":"what","text":"Humanoid Control Potion"}],"isTemplate":false,"count":0,"id":"7aca2263-ce3b-4907-ac68-cce3d94057a5","updated":0},{"data":[{"userDefined":false,"text":"drop the "},{"meta":"@items","userDefined":true,"alias":"what","text":"Humanoid Control Potion"}],"isTemplate":false,"count":0,"id":"5cdeb251-6710-4175-9bff-7ef0ea293fbc","updated":0}]