[{"data":[{"userDefined":false,"text":"sell "},{"meta":"@items","userDefined":true,"alias":"what","text":"Humanoid Control Potion"}],"isTemplate":false,"count":0,"id":"0432e3b8-17e4-4c19-bb77-cd08100d8d8a","updated":0},{"data":[{"userDefined":false,"text":"sell my "},{"meta":"@items","userDefined":true,"alias":"what","text":"Humanoid Control Potion"}],"isTemplate":false,"count":0,"id":"7b6d0ad0-a86d-4131-a81e-b9f815229453","updated":0},{"data":[{"userDefined":false,"text":"drop "},{"meta":"@items","userDefined":true,"alias":"what","text":"Humanoid Control Potion"}],"isTemplate":false,"count":0,"id":"713fe20d-6dc5-4c44-a40a-2ed9b1e265ae","updated":0},{"data":[{"userDefined":false,"text":"drop the "},{"meta":"@items","userDefined":true,"alias":"what","text":"Humanoid Control Potion"}],"isTemplate":false,"count":0,"id":"5f181681-e2ad-478d-b9e7-aae58f2138ab","updated":0}]