[{"data":[{"userDefined":false,"text":"sell "},{"meta":"@items","userDefined":true,"alias":"what","text":"Humanoid Control Potion"}],"isTemplate":false,"count":0,"id":"8d3baa93-c6f1-49af-89e1-70ca07e229d5","updated":0},{"data":[{"userDefined":false,"text":"sell my "},{"meta":"@items","userDefined":true,"alias":"what","text":"Humanoid Control Potion"}],"isTemplate":false,"count":0,"id":"bb273833-1e6d-4c35-810b-6da12ad4ecfb","updated":0},{"data":[{"userDefined":false,"text":"drop "},{"meta":"@items","userDefined":true,"alias":"what","text":"Humanoid Control Potion"}],"isTemplate":false,"count":0,"id":"cb014cb1-3307-4064-852f-0ce5ab14a622","updated":0},{"data":[{"userDefined":false,"text":"drop the "},{"meta":"@items","userDefined":true,"alias":"what","text":"Humanoid Control Potion"}],"isTemplate":false,"count":0,"id":"ba5e1985-d252-4ec1-a7e4-4f5bb0d1fcf0","updated":0}]