[{"data":[{"userDefined":false,"text":"quit"}],"isTemplate":false,"count":0,"id":"637a7b7a-6980-4724-8ae0-d8ae359cd0ab","updated":0},{"data":[{"userDefined":false,"text":"stop"}],"isTemplate":false,"count":0,"id":"e1e6c75d-dc05-4fa6-95c4-4e4357c33379","updated":0},{"data":[{"userDefined":false,"text":"off"}],"isTemplate":false,"count":0,"id":"e118d9bb-f96c-407a-8e12-569694c59631","updated":0},{"data":[{"userDefined":false,"text":"shut up"}],"isTemplate":false,"count":0,"id":"839a02d1-beb7-4a88-8c09-1083a806a019","updated":0}]