[{"data":[{"userDefined":false,"text":"quit"}],"isTemplate":false,"count":0,"id":"bad47e33-036f-4f23-8a8e-1276ff691b65","updated":0},{"data":[{"userDefined":false,"text":"stop"}],"isTemplate":false,"count":0,"id":"a59ff976-c12a-4a51-9134-2c901e7e5060","updated":0},{"data":[{"userDefined":false,"text":"off"}],"isTemplate":false,"count":0,"id":"4803862a-a137-4ea3-80d7-623732bfc89f","updated":0},{"data":[{"userDefined":false,"text":"shut up"}],"isTemplate":false,"count":0,"id":"ad3d21b5-31e5-40c8-9fba-39fa1b9bd656","updated":0}]