[{"data":[{"userDefined":false,"text":"quit"}],"isTemplate":false,"count":0,"id":"9af79707-ec00-4a96-bf0f-c84209d5a7ae","updated":0},{"data":[{"userDefined":false,"text":"stop"}],"isTemplate":false,"count":0,"id":"1fedee60-af99-4a8c-ac5a-f697fc89b27b","updated":0},{"data":[{"userDefined":false,"text":"off"}],"isTemplate":false,"count":0,"id":"45d547e9-8c39-46c5-9fd4-c4cace35052f","updated":0},{"data":[{"userDefined":false,"text":"shut up"}],"isTemplate":false,"count":0,"id":"9508da45-26f8-483d-89f1-75a73f417f80","updated":0}]