[{"data":[{"userDefined":false,"text":"quit"}],"isTemplate":false,"count":0,"id":"9e07f54b-b155-49c6-b6e0-a1bb77eb4186","updated":0},{"data":[{"userDefined":false,"text":"stop"}],"isTemplate":false,"count":0,"id":"7ae68dc3-756c-4ddd-9643-884c9d2f7966","updated":0},{"data":[{"userDefined":false,"text":"off"}],"isTemplate":false,"count":0,"id":"cb284714-c197-4182-b814-2a8d15efe0eb","updated":0},{"data":[{"userDefined":false,"text":"shut up"}],"isTemplate":false,"count":0,"id":"9ede87a3-22f8-4205-9ff6-de61faee5fb3","updated":0}]