[{"data":[{"userDefined":false,"text":"quit"}],"isTemplate":false,"count":0,"id":"289508fa-4eb1-4cb9-a9d7-a6581bdc51c6","updated":0},{"data":[{"userDefined":false,"text":"stop"}],"isTemplate":false,"count":0,"id":"c1247bbc-2af7-4f23-b36d-34094a749133","updated":0},{"data":[{"userDefined":false,"text":"off"}],"isTemplate":false,"count":0,"id":"3e1e46e0-63f8-47aa-af3a-e8ebe7c2304a","updated":0},{"data":[{"userDefined":false,"text":"shut up"}],"isTemplate":false,"count":0,"id":"0409c68a-2d8c-4c7e-8293-110ade1920f9","updated":0}]