[{"data":[{"userDefined":false,"text":"quit"}],"isTemplate":false,"count":0,"id":"affe7076-6092-458a-91f0-d6bfc7be2292","updated":0},{"data":[{"userDefined":false,"text":"stop"}],"isTemplate":false,"count":0,"id":"e1dc125a-9f77-4f75-8dbc-b054f6fd14e0","updated":0},{"data":[{"userDefined":false,"text":"off"}],"isTemplate":false,"count":0,"id":"199a9b74-514e-4583-ba88-02fd664cd0a5","updated":0},{"data":[{"userDefined":false,"text":"shut up"}],"isTemplate":false,"count":0,"id":"4bb06d6a-c961-40f4-985c-63d30e8f0e2f","updated":0}]