[{"data":[{"userDefined":false,"text":"unequip"}],"isTemplate":false,"count":0,"id":"44555cc7-f32f-4365-a33c-e47b07162b6c","updated":0},{"data":[{"userDefined":false,"text":"unequip "},{"meta":"@items","userDefined":true,"alias":"what","text":"Humanoid Control Potion"}],"isTemplate":false,"count":0,"id":"ddd477be-348c-42b7-a4f4-79f51a65d23a","updated":0},{"data":[{"userDefined":false,"text":"remove "},{"meta":"@items","userDefined":true,"alias":"what","text":"Humanoid Control Potion"}],"isTemplate":false,"count":0,"id":"621adf90-946c-42e3-ad8f-602dc7b8cc35","updated":0},{"data":[{"userDefined":false,"text":"take "},{"meta":"@items","userDefined":true,"alias":"what","text":"Humanoid Control Potion"}],"isTemplate":false,"count":0,"id":"6f0257d0-4096-48e3-9fed-42f99e5906cb","updated":0},{"data":[{"userDefined":false,"text":"stop wearing "},{"meta":"@items","userDefined":true,"alias":"what","text":"Humanoid Control Potion"}],"isTemplate":false,"count":0,"id":"4cc0370f-46d8-4a4c-b0ae-9f1b44fcf28b","updated":0},{"data":[{"userDefined":false,"text":"take off "},{"meta":"@items","userDefined":true,"alias":"what","text":"Humanoid Control Potion"}],"isTemplate":false,"count":0,"id":"435f50d4-67a9-41be-9ba4-e091a48e7bda","updated":0},{"data":[{"userDefined":false,"text":"stop using "},{"meta":"@items","userDefined":true,"alias":"what","text":"Humanoid Control Potion"}],"isTemplate":false,"count":0,"id":"bc9e03ce-427c-4745-8629-d949d9129739","updated":0},{"data":[{"userDefined":false,"text":"unequip "},{"meta":"@sys.given-name","userDefined":false,"alias":"whom","text":"Bob"},{"userDefined":false,"text":" with "},{"meta":"@items","userDefined":true,"alias":"what","text":"Humanoid Control Potion"}],"isTemplate":false,"count":0,"id":"bbb8abaa-692a-4894-a93f-818b1bc3cf3f","updated":0},{"data":[{"userDefined":false,"text":"tell "},{"meta":"@sys.given-name","userDefined":false,"alias":"whom","text":"Bob"},{"userDefined":false,"text":" to remove "},{"meta":"@items","userDefined":true,"alias":"what","text":"Humanoid Control Potion"}],"isTemplate":false,"count":0,"id":"96308c4d-4bb9-441e-9719-2692e324caff","updated":0},{"data":[{"userDefined":false,"text":"take "},{"meta":"@items","userDefined":true,"alias":"what","text":"Humanoid Control Potion"},{"userDefined":false,"text":" from "},{"meta":"@sys.given-name","userDefined":false,"alias":"whom","text":"Bob"}],"isTemplate":false,"count":0,"id":"ef7cc80c-fd37-4891-bc5b-9f6afb362915","updated":0},{"data":[{"userDefined":false,"text":"ask "},{"meta":"@sys.given-name","userDefined":false,"alias":"whom","text":"Bob"},{"userDefined":false,"text":" not to wear "},{"meta":"@items","userDefined":true,"alias":"what","text":"Humanoid Control Potion"}],"isTemplate":false,"count":0,"id":"c1abc872-696a-4d57-8928-d5bae3ca1c37","updated":0},{"data":[{"userDefined":false,"text":"ask "},{"meta":"@sys.given-name","userDefined":false,"alias":"whom","text":"Bob"},{"userDefined":false,"text":" not to wield "},{"meta":"@items","userDefined":true,"alias":"what","text":"Humanoid Control Potion"}],"isTemplate":false,"count":0,"id":"60cafaa9-14f6-47b3-a4e7-db2ec85345b6","updated":0},{"data":[{"userDefined":false,"text":"ask "},{"meta":"@sys.given-name","userDefined":false,"alias":"whom","text":"Bob"},{"userDefined":false,"text":" not to use "},{"meta":"@items","userDefined":true,"alias":"what","text":"Humanoid Control Potion"}],"isTemplate":false,"count":0,"id":"1de8344b-0d4f-4c3c-8d75-cb2c5a2d1bf5","updated":0},{"data":[{"userDefined":false,"text":"ask "},{"meta":"@sys.given-name","userDefined":false,"alias":"whom","text":"Bob"},{"userDefined":false,"text":" to stop wearing "},{"meta":"@items","userDefined":true,"alias":"what","text":"Humanoid Control Potion"}],"isTemplate":false,"count":0,"id":"34d35abe-8b60-4481-8a05-3c179084b2dd","updated":0},{"data":[{"userDefined":false,"text":"ask "},{"meta":"@sys.given-name","userDefined":false,"alias":"whom","text":"Bob"},{"userDefined":false,"text":" to stop wielding "},{"meta":"@items","userDefined":true,"alias":"what","text":"Humanoid Control Potion"}],"isTemplate":false,"count":0,"id":"15f64968-8e98-4ef7-8e3f-3695ed476875","updated":0},{"data":[{"userDefined":false,"text":"ask "},{"meta":"@sys.given-name","userDefined":false,"alias":"whom","text":"Bob"},{"userDefined":false,"text":" to stop using "},{"meta":"@items","userDefined":true,"alias":"what","text":"Humanoid Control Potion"}],"isTemplate":false,"count":0,"id":"1a6af06d-a7bc-4b48-aec4-e6fa07c5bf13","updated":0}]