[{"data":[{"userDefined":false,"text":"unequip"}],"isTemplate":false,"count":0,"id":"d87d6cf3-ece1-4152-ab35-eee40e17744d","updated":0},{"data":[{"userDefined":false,"text":"unequip "},{"meta":"@items","userDefined":true,"alias":"what","text":"Humanoid Control Potion"}],"isTemplate":false,"count":0,"id":"5deeeced-1873-4b8b-a29d-5cf584e281de","updated":0},{"data":[{"userDefined":false,"text":"remove "},{"meta":"@items","userDefined":true,"alias":"what","text":"Humanoid Control Potion"}],"isTemplate":false,"count":0,"id":"317677f3-a967-41b9-b562-6bf1a32213c1","updated":0},{"data":[{"userDefined":false,"text":"take "},{"meta":"@items","userDefined":true,"alias":"what","text":"Humanoid Control Potion"}],"isTemplate":false,"count":0,"id":"5a95bfbc-8116-4a1d-9e06-bbac7c179ab2","updated":0},{"data":[{"userDefined":false,"text":"stop wearing "},{"meta":"@items","userDefined":true,"alias":"what","text":"Humanoid Control Potion"}],"isTemplate":false,"count":0,"id":"6db19f01-5560-4dd0-84b9-9c372452d2f8","updated":0},{"data":[{"userDefined":false,"text":"take off "},{"meta":"@items","userDefined":true,"alias":"what","text":"Humanoid Control Potion"}],"isTemplate":false,"count":0,"id":"30c1ee79-16a5-40c7-9144-0b49a9da704d","updated":0},{"data":[{"userDefined":false,"text":"stop using "},{"meta":"@items","userDefined":true,"alias":"what","text":"Humanoid Control Potion"}],"isTemplate":false,"count":0,"id":"574b2f4b-6a07-497b-98d5-f2608e795bd1","updated":0},{"data":[{"userDefined":false,"text":"unequip "},{"meta":"@sys.given-name","userDefined":false,"alias":"whom","text":"Bob"},{"userDefined":false,"text":" with "},{"meta":"@items","userDefined":true,"alias":"what","text":"Humanoid Control Potion"}],"isTemplate":false,"count":0,"id":"776c05ff-4a7b-4df9-8c71-69b10b99abcf","updated":0},{"data":[{"userDefined":false,"text":"tell "},{"meta":"@sys.given-name","userDefined":false,"alias":"whom","text":"Bob"},{"userDefined":false,"text":" to remove "},{"meta":"@items","userDefined":true,"alias":"what","text":"Humanoid Control Potion"}],"isTemplate":false,"count":0,"id":"8ec258b6-4974-4cee-a0d3-503cec0990a3","updated":0},{"data":[{"userDefined":false,"text":"take "},{"meta":"@items","userDefined":true,"alias":"what","text":"Humanoid Control Potion"},{"userDefined":false,"text":" from "},{"meta":"@sys.given-name","userDefined":false,"alias":"whom","text":"Bob"}],"isTemplate":false,"count":0,"id":"9325fba6-fa8e-4b5d-bcc4-545076dea46a","updated":0},{"data":[{"userDefined":false,"text":"ask "},{"meta":"@sys.given-name","userDefined":false,"alias":"whom","text":"Bob"},{"userDefined":false,"text":" not to wear "},{"meta":"@items","userDefined":true,"alias":"what","text":"Humanoid Control Potion"}],"isTemplate":false,"count":0,"id":"6032b3e2-2c33-43a5-8959-2fad8c357e4a","updated":0},{"data":[{"userDefined":false,"text":"ask "},{"meta":"@sys.given-name","userDefined":false,"alias":"whom","text":"Bob"},{"userDefined":false,"text":" not to wield "},{"meta":"@items","userDefined":true,"alias":"what","text":"Humanoid Control Potion"}],"isTemplate":false,"count":0,"id":"cf097729-7e9b-442b-94e1-6e8ac84099e3","updated":0},{"data":[{"userDefined":false,"text":"ask "},{"meta":"@sys.given-name","userDefined":false,"alias":"whom","text":"Bob"},{"userDefined":false,"text":" not to use "},{"meta":"@items","userDefined":true,"alias":"what","text":"Humanoid Control Potion"}],"isTemplate":false,"count":0,"id":"f42c2df8-8394-4bcd-b47a-d0676b86a548","updated":0},{"data":[{"userDefined":false,"text":"ask "},{"meta":"@sys.given-name","userDefined":false,"alias":"whom","text":"Bob"},{"userDefined":false,"text":" to stop wearing "},{"meta":"@items","userDefined":true,"alias":"what","text":"Humanoid Control Potion"}],"isTemplate":false,"count":0,"id":"92a227fb-02ec-444d-8071-418c47d48b73","updated":0},{"data":[{"userDefined":false,"text":"ask "},{"meta":"@sys.given-name","userDefined":false,"alias":"whom","text":"Bob"},{"userDefined":false,"text":" to stop wielding "},{"meta":"@items","userDefined":true,"alias":"what","text":"Humanoid Control Potion"}],"isTemplate":false,"count":0,"id":"a7d4dcbd-d193-4040-8734-a176bc5d54de","updated":0},{"data":[{"userDefined":false,"text":"ask "},{"meta":"@sys.given-name","userDefined":false,"alias":"whom","text":"Bob"},{"userDefined":false,"text":" to stop using "},{"meta":"@items","userDefined":true,"alias":"what","text":"Humanoid Control Potion"}],"isTemplate":false,"count":0,"id":"10eeb051-0d11-4fec-8c6a-89f61b49660f","updated":0}]