[{"data":[{"userDefined":false,"text":"unequip"}],"isTemplate":false,"count":0,"id":"af97e99f-bb16-4847-b675-601ea998fa7e","updated":0},{"data":[{"userDefined":false,"text":"unequip "},{"meta":"@items","userDefined":true,"alias":"what","text":"Humanoid Control Potion"}],"isTemplate":false,"count":0,"id":"04f1e829-cac9-48f7-bd54-12f949b479b7","updated":0},{"data":[{"userDefined":false,"text":"remove "},{"meta":"@items","userDefined":true,"alias":"what","text":"Humanoid Control Potion"}],"isTemplate":false,"count":0,"id":"5f450989-0a36-4ec0-bd6b-40c18df59aea","updated":0},{"data":[{"userDefined":false,"text":"take "},{"meta":"@items","userDefined":true,"alias":"what","text":"Humanoid Control Potion"}],"isTemplate":false,"count":0,"id":"5634a377-5a1f-455e-a04d-3555304fd4cf","updated":0},{"data":[{"userDefined":false,"text":"stop wearing "},{"meta":"@items","userDefined":true,"alias":"what","text":"Humanoid Control Potion"}],"isTemplate":false,"count":0,"id":"b7822ad2-9bad-49e1-b072-c6d3509e8eca","updated":0},{"data":[{"userDefined":false,"text":"take off "},{"meta":"@items","userDefined":true,"alias":"what","text":"Humanoid Control Potion"}],"isTemplate":false,"count":0,"id":"9c76e08a-ab88-4451-bc35-66ecdbb60d73","updated":0},{"data":[{"userDefined":false,"text":"stop using "},{"meta":"@items","userDefined":true,"alias":"what","text":"Humanoid Control Potion"}],"isTemplate":false,"count":0,"id":"f508cf88-fbac-4130-a811-e978bb88e32b","updated":0},{"data":[{"userDefined":false,"text":"unequip "},{"meta":"@sys.given-name","userDefined":false,"alias":"whom","text":"Bob"},{"userDefined":false,"text":" with "},{"meta":"@items","userDefined":true,"alias":"what","text":"Humanoid Control Potion"}],"isTemplate":false,"count":0,"id":"0b9cd23c-60d7-4800-bd97-4c756973bf47","updated":0},{"data":[{"userDefined":false,"text":"tell "},{"meta":"@sys.given-name","userDefined":false,"alias":"whom","text":"Bob"},{"userDefined":false,"text":" to remove "},{"meta":"@items","userDefined":true,"alias":"what","text":"Humanoid Control Potion"}],"isTemplate":false,"count":0,"id":"d0f5e9ff-2151-47bb-bda5-2ec933d0b912","updated":0},{"data":[{"userDefined":false,"text":"take "},{"meta":"@items","userDefined":true,"alias":"what","text":"Humanoid Control Potion"},{"userDefined":false,"text":" from "},{"meta":"@sys.given-name","userDefined":false,"alias":"whom","text":"Bob"}],"isTemplate":false,"count":0,"id":"52c9d05e-0019-43aa-932f-a3042976009c","updated":0},{"data":[{"userDefined":false,"text":"ask "},{"meta":"@sys.given-name","userDefined":false,"alias":"whom","text":"Bob"},{"userDefined":false,"text":" not to wear "},{"meta":"@items","userDefined":true,"alias":"what","text":"Humanoid Control Potion"}],"isTemplate":false,"count":0,"id":"9951e6ed-6a5a-4c56-8e77-a886c3b9db90","updated":0},{"data":[{"userDefined":false,"text":"ask "},{"meta":"@sys.given-name","userDefined":false,"alias":"whom","text":"Bob"},{"userDefined":false,"text":" not to wield "},{"meta":"@items","userDefined":true,"alias":"what","text":"Humanoid Control Potion"}],"isTemplate":false,"count":0,"id":"729191da-4bc9-4ec9-95ca-b8f690d81bc5","updated":0},{"data":[{"userDefined":false,"text":"ask "},{"meta":"@sys.given-name","userDefined":false,"alias":"whom","text":"Bob"},{"userDefined":false,"text":" not to use "},{"meta":"@items","userDefined":true,"alias":"what","text":"Humanoid Control Potion"}],"isTemplate":false,"count":0,"id":"b94aa015-dfcb-4b9e-9442-b34559a89bb2","updated":0},{"data":[{"userDefined":false,"text":"ask "},{"meta":"@sys.given-name","userDefined":false,"alias":"whom","text":"Bob"},{"userDefined":false,"text":" to stop wearing "},{"meta":"@items","userDefined":true,"alias":"what","text":"Humanoid Control Potion"}],"isTemplate":false,"count":0,"id":"8603e560-19fa-4dcc-85aa-4616edbd3f11","updated":0},{"data":[{"userDefined":false,"text":"ask "},{"meta":"@sys.given-name","userDefined":false,"alias":"whom","text":"Bob"},{"userDefined":false,"text":" to stop wielding "},{"meta":"@items","userDefined":true,"alias":"what","text":"Humanoid Control Potion"}],"isTemplate":false,"count":0,"id":"1e4e0de9-b019-4bf3-be91-d68bc79fbe76","updated":0},{"data":[{"userDefined":false,"text":"ask "},{"meta":"@sys.given-name","userDefined":false,"alias":"whom","text":"Bob"},{"userDefined":false,"text":" to stop using "},{"meta":"@items","userDefined":true,"alias":"what","text":"Humanoid Control Potion"}],"isTemplate":false,"count":0,"id":"629ba286-840d-47f3-b449-b14d0e622892","updated":0}]