[{"data":[{"userDefined":false,"text":"unequip"}],"isTemplate":false,"count":0,"id":"4efa8193-7fe2-447a-b6c5-0b1dcd1a728f","updated":0},{"data":[{"userDefined":false,"text":"unequip "},{"meta":"@items","userDefined":true,"alias":"what","text":"Humanoid Control Potion"}],"isTemplate":false,"count":0,"id":"91f1cb4e-a9e6-4263-ad0f-fc6635f69efa","updated":0},{"data":[{"userDefined":false,"text":"remove "},{"meta":"@items","userDefined":true,"alias":"what","text":"Humanoid Control Potion"}],"isTemplate":false,"count":0,"id":"3ce53396-a72b-4585-91d8-397a67bdf66f","updated":0},{"data":[{"userDefined":false,"text":"take "},{"meta":"@items","userDefined":true,"alias":"what","text":"Humanoid Control Potion"}],"isTemplate":false,"count":0,"id":"c408ed17-7ee6-4c7e-b53d-9263041dfb81","updated":0},{"data":[{"userDefined":false,"text":"stop wearing "},{"meta":"@items","userDefined":true,"alias":"what","text":"Humanoid Control Potion"}],"isTemplate":false,"count":0,"id":"055924bd-9a7f-4f9d-a505-72efbb9a63db","updated":0},{"data":[{"userDefined":false,"text":"take off "},{"meta":"@items","userDefined":true,"alias":"what","text":"Humanoid Control Potion"}],"isTemplate":false,"count":0,"id":"ecc32183-b804-40ea-8f8b-437fbc3a1545","updated":0},{"data":[{"userDefined":false,"text":"stop using "},{"meta":"@items","userDefined":true,"alias":"what","text":"Humanoid Control Potion"}],"isTemplate":false,"count":0,"id":"4f2ed0d8-36bc-40bf-a73b-2ec14fd26aec","updated":0},{"data":[{"userDefined":false,"text":"unequip "},{"meta":"@sys.given-name","userDefined":false,"alias":"whom","text":"Bob"},{"userDefined":false,"text":" with "},{"meta":"@items","userDefined":true,"alias":"what","text":"Humanoid Control Potion"}],"isTemplate":false,"count":0,"id":"c2b879d7-e9fb-4d93-9ec4-11416d90c33c","updated":0},{"data":[{"userDefined":false,"text":"tell "},{"meta":"@sys.given-name","userDefined":false,"alias":"whom","text":"Bob"},{"userDefined":false,"text":" to remove "},{"meta":"@items","userDefined":true,"alias":"what","text":"Humanoid Control Potion"}],"isTemplate":false,"count":0,"id":"f0644f50-9b70-4dd5-acc3-fbfade139267","updated":0},{"data":[{"userDefined":false,"text":"take "},{"meta":"@items","userDefined":true,"alias":"what","text":"Humanoid Control Potion"},{"userDefined":false,"text":" from "},{"meta":"@sys.given-name","userDefined":false,"alias":"whom","text":"Bob"}],"isTemplate":false,"count":0,"id":"7526d5ec-b4c0-4438-accf-2f4520b30017","updated":0},{"data":[{"userDefined":false,"text":"ask "},{"meta":"@sys.given-name","userDefined":false,"alias":"whom","text":"Bob"},{"userDefined":false,"text":" not to wear "},{"meta":"@items","userDefined":true,"alias":"what","text":"Humanoid Control Potion"}],"isTemplate":false,"count":0,"id":"e8d82c85-5b68-43a5-9baa-545ee41331e8","updated":0},{"data":[{"userDefined":false,"text":"ask "},{"meta":"@sys.given-name","userDefined":false,"alias":"whom","text":"Bob"},{"userDefined":false,"text":" not to wield "},{"meta":"@items","userDefined":true,"alias":"what","text":"Humanoid Control Potion"}],"isTemplate":false,"count":0,"id":"0b5d5414-bbfa-43f2-b2f5-398a7a7a3fb8","updated":0},{"data":[{"userDefined":false,"text":"ask "},{"meta":"@sys.given-name","userDefined":false,"alias":"whom","text":"Bob"},{"userDefined":false,"text":" not to use "},{"meta":"@items","userDefined":true,"alias":"what","text":"Humanoid Control Potion"}],"isTemplate":false,"count":0,"id":"7881a333-f569-4a93-befb-1f80fd76885a","updated":0},{"data":[{"userDefined":false,"text":"ask "},{"meta":"@sys.given-name","userDefined":false,"alias":"whom","text":"Bob"},{"userDefined":false,"text":" to stop wearing "},{"meta":"@items","userDefined":true,"alias":"what","text":"Humanoid Control Potion"}],"isTemplate":false,"count":0,"id":"2712f3e2-ae79-4249-822e-9a51f2874cf9","updated":0},{"data":[{"userDefined":false,"text":"ask "},{"meta":"@sys.given-name","userDefined":false,"alias":"whom","text":"Bob"},{"userDefined":false,"text":" to stop wielding "},{"meta":"@items","userDefined":true,"alias":"what","text":"Humanoid Control Potion"}],"isTemplate":false,"count":0,"id":"b4347faf-c922-46cb-9b7d-ef11fdabded4","updated":0},{"data":[{"userDefined":false,"text":"ask "},{"meta":"@sys.given-name","userDefined":false,"alias":"whom","text":"Bob"},{"userDefined":false,"text":" to stop using "},{"meta":"@items","userDefined":true,"alias":"what","text":"Humanoid Control Potion"}],"isTemplate":false,"count":0,"id":"291d01f6-af11-41ba-bdbb-73c4cfaf6ab2","updated":0}]