[{"data":[{"userDefined":false,"text":"unequip"}],"isTemplate":false,"count":0,"id":"69defe93-4849-4332-b512-7679a2609c5b","updated":0},{"data":[{"userDefined":false,"text":"unequip "},{"meta":"@items","userDefined":true,"alias":"what","text":"Humanoid Control Potion"}],"isTemplate":false,"count":0,"id":"7edc77c9-5261-4972-9b64-ab9c2a74e41a","updated":0},{"data":[{"userDefined":false,"text":"remove "},{"meta":"@items","userDefined":true,"alias":"what","text":"Humanoid Control Potion"}],"isTemplate":false,"count":0,"id":"8139e57c-4015-49ff-8f66-85eb23681b5f","updated":0},{"data":[{"userDefined":false,"text":"take "},{"meta":"@items","userDefined":true,"alias":"what","text":"Humanoid Control Potion"}],"isTemplate":false,"count":0,"id":"8949ecf8-22e0-4801-bffc-1ac9cecb766e","updated":0},{"data":[{"userDefined":false,"text":"stop wearing "},{"meta":"@items","userDefined":true,"alias":"what","text":"Humanoid Control Potion"}],"isTemplate":false,"count":0,"id":"8d022146-6e30-4019-9e46-7dbd7b3631d0","updated":0},{"data":[{"userDefined":false,"text":"take off "},{"meta":"@items","userDefined":true,"alias":"what","text":"Humanoid Control Potion"}],"isTemplate":false,"count":0,"id":"1d7247b4-67c3-41f2-b95d-28bd197f3bbc","updated":0},{"data":[{"userDefined":false,"text":"stop using "},{"meta":"@items","userDefined":true,"alias":"what","text":"Humanoid Control Potion"}],"isTemplate":false,"count":0,"id":"70aec38f-a1b1-4a7b-8d20-0149b1ceefe7","updated":0},{"data":[{"userDefined":false,"text":"unequip "},{"meta":"@sys.given-name","userDefined":false,"alias":"whom","text":"Bob"},{"userDefined":false,"text":" with "},{"meta":"@items","userDefined":true,"alias":"what","text":"Humanoid Control Potion"}],"isTemplate":false,"count":0,"id":"506762b2-67dc-48c7-9d4c-803f524bb080","updated":0},{"data":[{"userDefined":false,"text":"tell "},{"meta":"@sys.given-name","userDefined":false,"alias":"whom","text":"Bob"},{"userDefined":false,"text":" to remove "},{"meta":"@items","userDefined":true,"alias":"what","text":"Humanoid Control Potion"}],"isTemplate":false,"count":0,"id":"e83b9c55-7d1b-45ea-97fc-4fa580a20bfa","updated":0},{"data":[{"userDefined":false,"text":"take "},{"meta":"@items","userDefined":true,"alias":"what","text":"Humanoid Control Potion"},{"userDefined":false,"text":" from "},{"meta":"@sys.given-name","userDefined":false,"alias":"whom","text":"Bob"}],"isTemplate":false,"count":0,"id":"727b292f-af88-4bf8-beb8-ea5b011c802a","updated":0},{"data":[{"userDefined":false,"text":"ask "},{"meta":"@sys.given-name","userDefined":false,"alias":"whom","text":"Bob"},{"userDefined":false,"text":" not to wear "},{"meta":"@items","userDefined":true,"alias":"what","text":"Humanoid Control Potion"}],"isTemplate":false,"count":0,"id":"89224373-5598-444b-90a6-1b7c92aad81f","updated":0},{"data":[{"userDefined":false,"text":"ask "},{"meta":"@sys.given-name","userDefined":false,"alias":"whom","text":"Bob"},{"userDefined":false,"text":" not to wield "},{"meta":"@items","userDefined":true,"alias":"what","text":"Humanoid Control Potion"}],"isTemplate":false,"count":0,"id":"a4b6fb32-ac77-4238-a21b-cc097d555a2f","updated":0},{"data":[{"userDefined":false,"text":"ask "},{"meta":"@sys.given-name","userDefined":false,"alias":"whom","text":"Bob"},{"userDefined":false,"text":" not to use "},{"meta":"@items","userDefined":true,"alias":"what","text":"Humanoid Control Potion"}],"isTemplate":false,"count":0,"id":"01cd0064-b720-453b-9710-305c58badeb2","updated":0},{"data":[{"userDefined":false,"text":"ask "},{"meta":"@sys.given-name","userDefined":false,"alias":"whom","text":"Bob"},{"userDefined":false,"text":" to stop wearing "},{"meta":"@items","userDefined":true,"alias":"what","text":"Humanoid Control Potion"}],"isTemplate":false,"count":0,"id":"56fbcc6a-c3f2-4b4f-9ad3-704c170120e3","updated":0},{"data":[{"userDefined":false,"text":"ask "},{"meta":"@sys.given-name","userDefined":false,"alias":"whom","text":"Bob"},{"userDefined":false,"text":" to stop wielding "},{"meta":"@items","userDefined":true,"alias":"what","text":"Humanoid Control Potion"}],"isTemplate":false,"count":0,"id":"b1ba7541-8c52-4168-982b-204b6f010f9c","updated":0},{"data":[{"userDefined":false,"text":"ask "},{"meta":"@sys.given-name","userDefined":false,"alias":"whom","text":"Bob"},{"userDefined":false,"text":" to stop using "},{"meta":"@items","userDefined":true,"alias":"what","text":"Humanoid Control Potion"}],"isTemplate":false,"count":0,"id":"107bc1be-81f7-4a6b-abd5-459160212626","updated":0}]