[{"data":[{"userDefined":false,"text":"what's "},{"meta":"@anything","userDefined":true,"alias":"thing","text":"vanish plate"}],"isTemplate":false,"count":0,"id":"108cbe83-4d49-431e-a1d3-7697953ea592","updated":0},{"data":[{"userDefined":false,"text":"what's a "},{"meta":"@anything","userDefined":true,"alias":"thing","text":"vanish plate"}],"isTemplate":false,"count":0,"id":"740a28a6-4f21-445a-bfcd-7170d1b98e44","updated":0},{"data":[{"userDefined":false,"text":"what is "},{"meta":"@anything","userDefined":true,"alias":"thing","text":"vanish plate"}],"isTemplate":false,"count":0,"id":"753d9f78-8dcf-471f-a2e1-d072efe80569","updated":0},{"data":[{"userDefined":false,"text":"what is a "},{"meta":"@anything","userDefined":true,"alias":"thing","text":"vanish plate"}],"isTemplate":false,"count":0,"id":"162de8b8-1396-43b4-b576-eab45e3ae969","updated":0}]