[{"data":[{"userDefined":false,"text":"what's "},{"meta":"@anything","userDefined":true,"alias":"thing","text":"vanish plate"}],"isTemplate":false,"count":0,"id":"456340f7-26d4-4faa-8095-be712a3fc6e5","updated":0},{"data":[{"userDefined":false,"text":"what's a "},{"meta":"@anything","userDefined":true,"alias":"thing","text":"vanish plate"}],"isTemplate":false,"count":0,"id":"b7a2caa9-6669-47fe-89bd-a35c3cabf634","updated":0},{"data":[{"userDefined":false,"text":"what is "},{"meta":"@anything","userDefined":true,"alias":"thing","text":"vanish plate"}],"isTemplate":false,"count":0,"id":"8d26f564-66d7-496e-b74b-7adc020e628d","updated":0},{"data":[{"userDefined":false,"text":"what is a "},{"meta":"@anything","userDefined":true,"alias":"thing","text":"vanish plate"}],"isTemplate":false,"count":0,"id":"0281b31c-5d6f-44b3-8c70-71b825778f4b","updated":0}]