[{"data":[{"userDefined":false,"text":"what's "},{"meta":"@anything","userDefined":true,"alias":"thing","text":"vanish plate"}],"isTemplate":false,"count":0,"id":"b847ebd1-05d9-479f-8e92-5ab5b036d083","updated":0},{"data":[{"userDefined":false,"text":"what's a "},{"meta":"@anything","userDefined":true,"alias":"thing","text":"vanish plate"}],"isTemplate":false,"count":0,"id":"a8087610-7f0f-4443-a14e-765c6912f352","updated":0},{"data":[{"userDefined":false,"text":"what is "},{"meta":"@anything","userDefined":true,"alias":"thing","text":"vanish plate"}],"isTemplate":false,"count":0,"id":"22909ab6-5002-4ff6-b180-486190c7e2b4","updated":0},{"data":[{"userDefined":false,"text":"what is a "},{"meta":"@anything","userDefined":true,"alias":"thing","text":"vanish plate"}],"isTemplate":false,"count":0,"id":"17ca8e3b-0cdf-4dbe-ada2-ca1cf6894394","updated":0}]