[{"data":[{"userDefined":false,"text":"what's "},{"meta":"@anything","userDefined":true,"alias":"thing","text":"vanish plate"}],"isTemplate":false,"count":0,"id":"cb110e20-cb7c-4a32-b4f5-bc1b963b8d1f","updated":0},{"data":[{"userDefined":false,"text":"what's a "},{"meta":"@anything","userDefined":true,"alias":"thing","text":"vanish plate"}],"isTemplate":false,"count":0,"id":"93b1ebd4-28a5-44b1-8567-fb735f76f866","updated":0},{"data":[{"userDefined":false,"text":"what is "},{"meta":"@anything","userDefined":true,"alias":"thing","text":"vanish plate"}],"isTemplate":false,"count":0,"id":"54ce7b89-aae1-41af-9a17-d99cfac874b9","updated":0},{"data":[{"userDefined":false,"text":"what is a "},{"meta":"@anything","userDefined":true,"alias":"thing","text":"vanish plate"}],"isTemplate":false,"count":0,"id":"3e91d5a4-977e-43bf-87f2-3a10c4494b29","updated":0}]