[{"data":[{"userDefined":false,"text":"what's "},{"meta":"@anything","userDefined":true,"alias":"thing","text":"vanish plate"}],"isTemplate":false,"count":0,"id":"c738a25a-0c57-431f-a08b-dcce51f5a98d","updated":0},{"data":[{"userDefined":false,"text":"what's a "},{"meta":"@anything","userDefined":true,"alias":"thing","text":"vanish plate"}],"isTemplate":false,"count":0,"id":"ce15cac1-d7c6-4079-a4b3-dcf457c774f1","updated":0},{"data":[{"userDefined":false,"text":"what is "},{"meta":"@anything","userDefined":true,"alias":"thing","text":"vanish plate"}],"isTemplate":false,"count":0,"id":"8d2d4205-0abc-4cb8-a5c9-1fc1c9d201dc","updated":0},{"data":[{"userDefined":false,"text":"what is a "},{"meta":"@anything","userDefined":true,"alias":"thing","text":"vanish plate"}],"isTemplate":false,"count":0,"id":"63fa7b13-7c88-4a95-b533-a3f261fdc226","updated":0}]