[{"data":[{"userDefined":false,"text":"companions"}],"isTemplate":false,"count":0,"id":"bad00f38-c20f-468a-8983-0fc2ab218722","updated":0},{"data":[{"userDefined":false,"text":"who am i"}],"isTemplate":false,"count":0,"id":"cac43c9b-d5b5-41e8-8fed-75538b84bc1b","updated":0},{"data":[{"userDefined":false,"text":"who are my companions"}],"isTemplate":false,"count":0,"id":"cc264bea-5ac8-432d-b9cf-3c00d618fcad","updated":0},{"data":[{"userDefined":false,"text":"who"}],"isTemplate":false,"count":0,"id":"c8b11f38-04c6-4d84-9c50-4bb033c49bf0","updated":0}]