[{"data":[{"userDefined":false,"text":"companions"}],"isTemplate":false,"count":0,"id":"7e84895e-afa9-4fef-b07d-d4435d96728e","updated":0},{"data":[{"userDefined":false,"text":"who am i"}],"isTemplate":false,"count":0,"id":"be2cdc37-450d-4469-828f-5a3041d02ff8","updated":0},{"data":[{"userDefined":false,"text":"who are my companions"}],"isTemplate":false,"count":0,"id":"c9cda4c3-28d7-4647-bd6c-47a1515e36e9","updated":0},{"data":[{"userDefined":false,"text":"who"}],"isTemplate":false,"count":0,"id":"0f5522fa-69f9-4c8c-bc8c-b9d24f57e38c","updated":0}]