[{"data":[{"userDefined":false,"text":"companions"}],"isTemplate":false,"count":0,"id":"20d571c5-3b66-4bf9-a39f-80046740e3c6","updated":0},{"data":[{"userDefined":false,"text":"who am i"}],"isTemplate":false,"count":0,"id":"365852e3-def3-49ae-8aff-58f4a68cbac3","updated":0},{"data":[{"userDefined":false,"text":"who are my companions"}],"isTemplate":false,"count":0,"id":"80deb973-770b-4ecf-bc9e-173cee988fa7","updated":0},{"data":[{"userDefined":false,"text":"who"}],"isTemplate":false,"count":0,"id":"abb71f49-8ae0-47bd-8eab-24231fb21daa","updated":0}]