[{"data":[{"userDefined":false,"text":"companions"}],"isTemplate":false,"count":0,"id":"939b5f39-17e2-4482-918d-475a43fe1179","updated":0},{"data":[{"userDefined":false,"text":"who am i"}],"isTemplate":false,"count":0,"id":"329f379f-bdee-4f14-8736-dc35b855fe23","updated":0},{"data":[{"userDefined":false,"text":"who are my companions"}],"isTemplate":false,"count":0,"id":"cdafc5e6-6185-45c3-a7ac-86c25d7ba0f5","updated":0},{"data":[{"userDefined":false,"text":"who"}],"isTemplate":false,"count":0,"id":"af51bf21-ab31-4c7e-aaea-3bc2676a3826","updated":0}]