[{"data":[{"userDefined":false,"text":"companions"}],"isTemplate":false,"count":0,"id":"3ae0b10d-df2c-4556-8156-f32afd289eb4","updated":0},{"data":[{"userDefined":false,"text":"who am i"}],"isTemplate":false,"count":0,"id":"4f9c6da9-3725-4dfd-8eb1-9c0433eaa656","updated":0},{"data":[{"userDefined":false,"text":"who are my companions"}],"isTemplate":false,"count":0,"id":"a3cea966-4890-4779-a8be-e77eb71b3ef9","updated":0},{"data":[{"userDefined":false,"text":"who"}],"isTemplate":false,"count":0,"id":"3c1de178-e2d6-4e52-880e-b181f7b25d81","updated":0}]