[{"data":[{"userDefined":false,"text":"companions"}],"isTemplate":false,"count":0,"id":"65a4e32e-0aa2-4775-9815-ff251591545f","updated":0},{"data":[{"userDefined":false,"text":"who am i"}],"isTemplate":false,"count":0,"id":"e05811c2-2b1e-443e-93c6-45990f2ef6ea","updated":0},{"data":[{"userDefined":false,"text":"who are my companions"}],"isTemplate":false,"count":0,"id":"605610ee-fca7-4387-b9f6-78d3633bfbf4","updated":0},{"data":[{"userDefined":false,"text":"who"}],"isTemplate":false,"count":0,"id":"f380e20c-55ab-4ccd-906c-865e45376b52","updated":0}]